model_type_vae	variable	value_vae	z_score_vae	algorithm_vae	feature_vae	z_vae	seed_vae	model_type_dae	value_dae	z_score_dae	algorithm_dae	feature_dae	z_dae	seed_dae
real	Neutrophils_IRIS_1	-2.72158	-42.5443	vae	1	3	174930	real	-4.98508	-70.6996	dae	2	6	229564
real	Neutrophils_HPCA_3	-6.12055	-17.8212	vae	1	3	174930	real	-6.3243	-15.1139	dae	2	6	229564
real	Neutrophils_FANTOM_1	-4.65762	-17.3036	vae	1	3	174930	real	-5.3846	-4.343999999999999	dae	2	6	229564
real	Neutrophils_HPCA_2	-4.57925	-16.5147	vae	1	3	174930	real	-5.16936	-5.584630000000001	dae	2	6	229564
real	Monocytes_NOVERSHTERN_1	-14.5814	-15.062999999999999	vae	1	3	174930	real	-11.9059	-3.57134	dae	2	6	229564
real	Hepatocytes_FANTOM_3	-21.3101	-14.880999999999998	vae	1	3	174930	real	-36.7651	-19.5425	dae	2	6	229564
real	MPP_FANTOM_2	-10.8507	-14.2449	vae	1	3	174930	real	-5.92387	-0.684253	dae	2	6	229564
real	Hepatocytes_FANTOM_1	-22.5021	-13.6288	vae	1	3	174930	real	-38.5416	-16.2306	dae	2	6	229564
real	Neutrophils_HPCA_1	-4.83197	-12.2736	vae	1	3	174930	real	-5.8230699999999995	-7.1534	dae	2	6	229564
real	Neutrophils_BLUEPRINT_1	-3.4207400000000003	-11.8204	vae	1	3	174930	real	-6.02436	-13.7968	dae	2	6	229564
real	Neutrophils_IRIS_3	-5.39661	-11.5528	vae	1	3	174930	real	-6.42922	-10.0106	dae	2	6	229564
real	Monocytes_BLUEPRINT_2	-4.44624	-11.1658	vae	1	3	174930	real	-3.78836	-11.4302	dae	2	6	229564
real	MPP_FANTOM_3	-6.14659	-10.2252	vae	1	3	174930	real	-4.18216	-3.47451	dae	2	6	229564
real	Neutrophils_BLUEPRINT_2	-2.73942	-10.145	vae	1	3	174930	real	-4.68965	-21.3683	dae	2	6	229564
real	MPP_FANTOM_1	-9.50586	-9.9897	vae	1	3	174930	real	-5.445930000000001	-2.47567	dae	2	6	229564
real	Hepatocytes_FANTOM_2	-22.6346	-9.93942	vae	1	3	174930	real	-38.0461	-10.5062	dae	2	6	229564
real	Neurons_FANTOM_3	-16.4652	-9.742189999999999	vae	1	3	174930	real	5.60468	8.07558	dae	2	6	229564
real	Monocytes_IRIS_1	-4.11522	-9.47625	vae	1	3	174930	real	-3.71562	-5.5675	dae	2	6	229564
real	Monocytes_BLUEPRINT_3	-4.323919999999999	-8.41292	vae	1	3	174930	real	-3.78775	-3.94445	dae	2	6	229564
real	Hepatocytes_HPCA_3	-15.4211	-7.75305	vae	1	3	174930	real	-33.876999999999995	-22.6499	dae	2	6	229564
real	Basophils_FANTOM_1	-3.9514199999999997	-7.59628	vae	1	3	174930	real	-6.79897	-7.52805	dae	2	6	229564
real	Basophils_NOVERSHTERN_1	-7.325139999999999	-7.58303	vae	1	3	174930	real	-6.42684	-7.27291	dae	2	6	229564
real	Neutrophils_BLUEPRINT_3	-3.2985800000000003	-7.38045	vae	1	3	174930	real	-4.972119999999999	-8.49717	dae	2	6	229564
real	Monocytes_FANTOM_1	-12.2949	-7.0423	vae	1	3	174930	real	-7.79616	-1.51235	dae	2	6	229564
real	CD4+-naive-T-cells_FANTOM_2	-4.80238	-6.94022	vae	1	3	174930	real	-1.62503	0.360275	dae	2	6	229564
real	Basophils_FANTOM_2	-11.3243	-6.92546	vae	1	3	174930	real	-12.49	-0.9873860000000001	dae	2	6	229564
real	Hepatocytes_HPCA_1	-15.517000000000001	-6.13668	vae	1	3	174930	real	-33.9235	-17.4279	dae	2	6	229564
real	Monocytes_FANTOM_3	-15.9155	-5.95432	vae	1	3	174930	real	-10.7734	-0.09083789999999999	dae	2	6	229564
real	Monocytes_IRIS_2	-2.96603	-5.72389	vae	1	3	174930	real	-3.09729	-2.6794700000000002	dae	2	6	229564
real	Monocytes_FANTOM_2	-17.7392	-5.7223	vae	1	3	174930	real	-12.9606	-1.41012	dae	2	6	229564
real	Monocytes_HPCA_2	-2.76583	-5.71906	vae	1	3	174930	real	-2.36742	-2.64038	dae	2	6	229564
real	Neurons_FANTOM_2	-17.9727	-5.64676	vae	1	3	174930	real	6.46422	6.04535	dae	2	6	229564
real	Monocytes_NOVERSHTERN_3	-3.1665400000000004	-5.58754	vae	1	3	174930	real	-2.82422	-1.7423	dae	2	6	229564
real	Hepatocytes_HPCA_2	-15.9496	-5.477519999999999	vae	1	3	174930	real	-31.0912	-7.0491600000000005	dae	2	6	229564
real	Neurons_FANTOM_1	-12.2975	-5.18394	vae	1	3	174930	real	4.03634	5.18155	dae	2	6	229564
real	Monocytes_HPCA_1	-2.29775	-5.12723	vae	1	3	174930	real	-1.63845	-0.978036	dae	2	6	229564
real	Neutrophils_FANTOM_2	-5.29502	-4.81871	vae	1	3	174930	real	-7.277769999999999	-6.2842	dae	2	6	229564
real	Neutrophils_IRIS_2	-4.68818	-4.80211	vae	1	3	174930	real	-6.03137	-13.4076	dae	2	6	229564
real	NK-cells_BLUEPRINT_3	-2.21113	-4.5557099999999995	vae	1	3	174930	real	-1.45175	-1.24553	dae	2	6	229564
real	Erythrocytes_HPCA_2	-1.2848600000000001	-4.414219999999999	vae	1	3	174930	real	-2.34178	-11.9101	dae	2	6	229564
real	Neurons_ENCODE_1	-2.12833	-4.38223	vae	1	3	174930	real	0.703808	1.9195400000000002	dae	2	6	229564
real	CD8+-Tem_BLUEPRINT_3	-6.39217	-4.35417	vae	1	3	174930	real	-3.25968	0.264354	dae	2	6	229564
real	naive-B-cells_HPCA_2	-2.02188	-4.25201	vae	1	3	174930	real	-1.5776	-1.18046	dae	2	6	229564
real	Monocytes_IRIS_3	-5.43272	-4.24715	vae	1	3	174930	real	-4.9159	-2.47913	dae	2	6	229564
real	Neutrophils_FANTOM_3	-4.1067800000000005	-3.9911300000000005	vae	1	3	174930	real	-4.9055	-1.05354	dae	2	6	229564
real	Monocytes_BLUEPRINT_1	-2.24472	-3.9393199999999995	vae	1	3	174930	real	-1.6743299999999999	-2.46298	dae	2	6	229564
real	Monocytes_HPCA_3	-7.93395	-3.86425	vae	1	3	174930	real	-6.5785800000000005	0.260355	dae	2	6	229564
real	MEP_NOVERSHTERN_2	-0.421655	-3.7824699999999996	vae	1	3	174930	real	0.0623871	0.787933	dae	2	6	229564
real	Monocytes_NOVERSHTERN_2	-3.20788	-3.5917199999999996	vae	1	3	174930	real	-2.82114	-1.7946099999999998	dae	2	6	229564
real	Erythrocytes_FANTOM_2	-1.8575400000000002	-3.3680000000000003	vae	1	3	174930	real	-2.7808599999999997	-18.2319	dae	2	6	229564
real	CD8+-Tcm_NOVERSHTERN_2	-1.9624	-3.3188400000000002	vae	1	3	174930	real	-0.48966099999999996	0.9506610000000001	dae	2	6	229564
real	Adipocytes_FANTOM_1	-0.936003	-3.22535	vae	1	3	174930	real	-1.8580599999999998	-10.877	dae	2	6	229564
real	Memory-B-cells_IRIS_2	-1.53393	-3.2054400000000003	vae	1	3	174930	real	-0.801752	0.0217003	dae	2	6	229564
real	Neurons_ENCODE_2	-8.86978	-2.99173	vae	1	3	174930	real	3.0108599999999996	6.32664	dae	2	6	229564
real	Neurons_ENCODE_3	-7.05351	-2.92303	vae	1	3	174930	real	2.62597	6.5351099999999995	dae	2	6	229564
real	Memory-B-cells_HPCA_3	-1.42527	-2.91312	vae	1	3	174930	real	-1.06029	-0.800886	dae	2	6	229564
real	CD4+-naive-T-cells_NOVERSHTERN_3	-1.7432900000000002	-2.90715	vae	1	3	174930	real	-1.27445	-0.710032	dae	2	6	229564
real	Adipocytes_FANTOM_2	-0.936003	-2.72854	vae	1	3	174930	real	-1.8580599999999998	-3.9805300000000003	dae	2	6	229564
real	CMP_BLUEPRINT_1	-1.34504	-2.71397	vae	1	3	174930	real	-0.8800969999999999	0.0085445	dae	2	6	229564
real	Erythrocytes_FANTOM_3	-1.8575400000000002	-2.64183	vae	1	3	174930	real	-2.7808599999999997	-1.1960899999999999	dae	2	6	229564
real	CD8+-Tcm_HPCA_2	-1.01728	-2.61879	vae	1	3	174930	real	-0.37336199999999997	0.267239	dae	2	6	229564
real	MSC_FANTOM_1	-1.11802	-2.58993	vae	1	3	174930	real	-1.36141	-6.77791	dae	2	6	229564
real	B-cells_FANTOM_3	-1.5628799999999998	-2.5371	vae	1	3	174930	real	-1.12389	-0.986892	dae	2	6	229564
real	NKT_NOVERSHTERN_1	-0.5545760000000001	-2.5051	vae	1	3	174930	real	-0.0732228	0.38079	dae	2	6	229564
real	Erythrocytes_BLUEPRINT_2	-1.2848600000000001	-2.49336	vae	1	3	174930	real	-2.34178	-2.82127	dae	2	6	229564
real	CD8+-T-cells_HPCA_3	-1.09314	-2.45835	vae	1	3	174930	real	-0.5435909999999999	0.6373439999999999	dae	2	6	229564
real	B-cells_HPCA_2	-1.24566	-2.40291	vae	1	3	174930	real	-0.95232	0.0662704	dae	2	6	229564
real	Memory-B-cells_HPCA_1	-1.84643	-2.3749599999999997	vae	1	3	174930	real	-0.992876	-0.422343	dae	2	6	229564
real	Tgd-cells_HPCA_1	-4.92594	-2.3207400000000002	vae	1	3	174930	real	-3.80325	1.36486	dae	2	6	229564
real	Eosinophils_NOVERSHTERN_2	-1.2098	-2.24349	vae	1	3	174930	real	-1.7816900000000002	-1.6470799999999999	dae	2	6	229564
real	CD8+-Tem_BLUEPRINT_2	-6.3878	-2.14743	vae	1	3	174930	real	-2.70708	1.7147700000000001	dae	2	6	229564
real	NK-cells_HPCA_2	-2.5693799999999998	-2.0802	vae	1	3	174930	real	-1.31421	0.0335333	dae	2	6	229564
real	Macrophages-M1_FANTOM_3	-2.98991	-2.04066	vae	1	3	174930	real	-4.9236	-0.715411	dae	2	6	229564
real	naive-B-cells_HPCA_1	-2.02188	-2.02464	vae	1	3	174930	real	-1.5776	-0.549564	dae	2	6	229564
real	NK-cells_IRIS_3	-0.53378	-2.02304	vae	1	3	174930	real	-0.45590200000000003	-1.75942	dae	2	6	229564
real	NK-cells_IRIS_2	-1.47619	-2.01202	vae	1	3	174930	real	-0.695584	-0.561472	dae	2	6	229564
real	naive-B-cells_HPCA_3	-2.15938	-1.9390900000000002	vae	1	3	174930	real	-1.6683299999999999	0.500872	dae	2	6	229564
real	pro-B-cells_NOVERSHTERN_3	-1.23974	-1.90802	vae	1	3	174930	real	-0.1615	0.7601859999999999	dae	2	6	229564
real	CD4+-naive-T-cells_FANTOM_1	-1.7432900000000002	-1.89185	vae	1	3	174930	real	-1.27445	-0.62431	dae	2	6	229564
real	B-cells_FANTOM_1	-1.5628799999999998	-1.84512	vae	1	3	174930	real	-1.12389	0.059539	dae	2	6	229564
real	Erythrocytes_BLUEPRINT_1	-1.2848600000000001	-1.82588	vae	1	3	174930	real	-2.34178	-2.9594	dae	2	6	229564
real	CD4+-Tem_NOVERSHTERN_2	-0.328851	-1.8111400000000002	vae	1	3	174930	real	-0.34976799999999997	-0.014518399999999999	dae	2	6	229564
real	Eosinophils_FANTOM_2	-2.46985	-1.77046	vae	1	3	174930	real	-3.06708	-1.05908	dae	2	6	229564
real	CD8+-Tem_BLUEPRINT_1	-0.724058	-1.6598400000000002	vae	1	3	174930	real	-0.326892	0.352155	dae	2	6	229564
real	NK-cells_FANTOM_1	-1.1404299999999998	-1.62327	vae	1	3	174930	real	-0.847619	-0.8238110000000001	dae	2	6	229564
real	Preadipocytes_FANTOM_3	-1.55129	-1.59471	vae	1	3	174930	real	-1.5307600000000001	-1.0864	dae	2	6	229564
real	NK-cells_NOVERSHTERN_3	-0.907293	-1.59233	vae	1	3	174930	real	-0.5805020000000001	-2.28622	dae	2	6	229564
real	CD4+-naive-T-cells_NOVERSHTERN_1	-1.02647	-1.55045	vae	1	3	174930	real	-0.442171	1.28734	dae	2	6	229564
real	MSC_FANTOM_2	-1.0527600000000001	-1.5269	vae	1	3	174930	real	-1.39689	-4.03864	dae	2	6	229564
real	Adipocytes_FANTOM_3	-0.896126	-1.452	vae	1	3	174930	real	-1.87785	-7.65575	dae	2	6	229564
real	Eosinophils_NOVERSHTERN_1	-1.10345	-1.44239	vae	1	3	174930	real	-1.90307	-0.757648	dae	2	6	229564
real	Eosinophils_FANTOM_3	-2.69516	-1.42919	vae	1	3	174930	real	-3.22896	-1.9284299999999999	dae	2	6	229564
real	Megakaryocytes_NOVERSHTERN_1	-0.572699	-1.4174799999999999	vae	1	3	174930	real	-1.58769	-1.9424099999999997	dae	2	6	229564
real	Macrophages-M1_BLUEPRINT_2	-0.740015	-1.39357	vae	1	3	174930	real	-1.28159	-0.767934	dae	2	6	229564
real	MEP_HPCA_3	-0.451204	-1.38555	vae	1	3	174930	real	0.0708485	1.3933	dae	2	6	229564
real	CD8+-Tem_HPCA_2	-6.340380000000001	-1.38044	vae	1	3	174930	real	-2.2589	3.06235	dae	2	6	229564
real	DC_HPCA_1	-0.43568100000000004	-1.37723	vae	1	3	174930	real	-1.38228	-7.329789999999999	dae	2	6	229564
real	Mesangial-cells_FANTOM_2	-1.1049200000000001	-1.35524	vae	1	3	174930	real	-1.48458	-0.506626	dae	2	6	229564
real	NK-cells_BLUEPRINT_1	-0.614003	-1.3459	vae	1	3	174930	real	-0.397681	-0.014894200000000002	dae	2	6	229564
real	CD8+-Tcm_NOVERSHTERN_1	-2.06521	-1.34534	vae	1	3	174930	real	-0.588533	0.588133	dae	2	6	229564
real	CD8+-T-cells_BLUEPRINT_2	-1.71842	-1.30805	vae	1	3	174930	real	-1.04423	1.5244799999999998	dae	2	6	229564
real	NK-cells_BLUEPRINT_2	-2.28931	-1.2914	vae	1	3	174930	real	-1.1735200000000001	0.11134300000000001	dae	2	6	229564
real	Macrophages_FANTOM_2	-1.63831	-1.286	vae	1	3	174930	real	-2.4577	-3.64351	dae	2	6	229564
real	MPP_ENCODE_1	-1.07724	-1.22074	vae	1	3	174930	real	-0.324052	1.34338	dae	2	6	229564
real	pDC_FANTOM_3	-0.712032	-1.19523	vae	1	3	174930	real	-2.59896	-1.23658	dae	2	6	229564
real	Memory-B-cells_BLUEPRINT_3	-2.65509	-1.14168	vae	1	3	174930	real	-5.20901	-2.23117	dae	2	6	229564
real	Macrophages_FANTOM_3	-2.93218	-1.1167799999999999	vae	1	3	174930	real	-3.50892	-1.31027	dae	2	6	229564
real	GMP_HPCA_2	-1.62222	-1.11306	vae	1	3	174930	real	-1.24069	-0.10740799999999999	dae	2	6	229564
real	CD8+-T-cells_BLUEPRINT_3	-1.38791	-1.1072	vae	1	3	174930	real	-1.16499	-0.20147400000000001	dae	2	6	229564
real	Erythrocytes_HPCA_3	-1.2848600000000001	-1.08835	vae	1	3	174930	real	-2.34178	-2.39005	dae	2	6	229564
real	aDC_IRIS_2	-5.380809999999999	-1.08233	vae	1	3	174930	real	-7.34771	0.044298800000000006	dae	2	6	229564
real	Th1-cells_IRIS_2	-0.601853	-1.08038	vae	1	3	174930	real	-0.21868600000000002	0.585214	dae	2	6	229564
real	CD8+-Tem_HPCA_3	-1.42864	-1.04826	vae	1	3	174930	real	-0.145563	1.0011299999999999	dae	2	6	229564
real	naive-B-cells_BLUEPRINT_1	-0.6707069999999999	-1.01807	vae	1	3	174930	real	-0.563153	-0.33253	dae	2	6	229564
real	Memory-B-cells_HPCA_2	-2.68255	-0.967125	vae	1	3	174930	real	-1.14353	1.38639	dae	2	6	229564
real	CMP_HPCA_3	-0.450383	-0.9629120000000001	vae	1	3	174930	real	-0.0423427	0.564483	dae	2	6	229564
real	pro-B-cells_HPCA_1	-2.2225599999999996	-0.959694	vae	1	3	174930	real	-0.568958	2.6110599999999997	dae	2	6	229564
real	pDC_FANTOM_1	-0.819522	-0.950045	vae	1	3	174930	real	-0.410369	-0.100286	dae	2	6	229564
real	Erythrocytes_BLUEPRINT_3	-1.2848600000000001	-0.9374180000000001	vae	1	3	174930	real	-2.34178	-6.044569999999999	dae	2	6	229564
real	NK-cells_FANTOM_3	-0.7450359999999999	-0.9108850000000001	vae	1	3	174930	real	-0.533844	-0.124617	dae	2	6	229564
real	Preadipocytes_FANTOM_1	-0.8693850000000001	-0.8773049999999999	vae	1	3	174930	real	-1.10059	-0.490836	dae	2	6	229564
real	CD8+-Tem_NOVERSHTERN_1	-1.49024	-0.875235	vae	1	3	174930	real	-0.724929	0.539759	dae	2	6	229564
real	Basophils_NOVERSHTERN_2	-0.563868	-0.8713200000000001	vae	1	3	174930	real	-0.505713	-2.46774	dae	2	6	229564
real	B-cells_NOVERSHTERN_3	-2.2346	-0.8669129999999999	vae	1	3	174930	real	-1.75037	0.22856100000000001	dae	2	6	229564
real	B-cells_FANTOM_2	-1.30966	-0.863157	vae	1	3	174930	real	-0.712588	-0.39023800000000003	dae	2	6	229564
real	CD8+-Tem_NOVERSHTERN_2	-1.45794	-0.854827	vae	1	3	174930	real	-0.7571100000000001	1.1021100000000001	dae	2	6	229564
real	naive-B-cells_NOVERSHTERN_2	-1.56525	-0.853001	vae	1	3	174930	real	-2.69162	-13.2652	dae	2	6	229564
real	Th1-cells_IRIS_1	-0.79425	-0.8428899999999999	vae	1	3	174930	real	-0.05901619999999999	1.08504	dae	2	6	229564
real	CD8+-Tem_NOVERSHTERN_3	-1.47755	-0.840282	vae	1	3	174930	real	-0.732412	0.303187	dae	2	6	229564
real	CD8+-Tcm_HPCA_3	-2.46944	-0.827111	vae	1	3	174930	real	-2.22135	-0.0321759	dae	2	6	229564
real	Platelets_HPCA_1	-3.25866	-0.8234379999999999	vae	1	3	174930	real	-2.08252	1.43595	dae	2	6	229564
real	Tgd-cells_HPCA_3	-5.1784	-0.822192	vae	1	3	174930	real	-3.27445	1.44109	dae	2	6	229564
real	MSC_FANTOM_3	-0.984145	-0.810033	vae	1	3	174930	real	-1.34741	-0.142806	dae	2	6	229564
real	Eosinophils_FANTOM_1	-2.47192	-0.80525	vae	1	3	174930	real	-3.08173	-1.21119	dae	2	6	229564
real	aDC_HPCA_1	-0.415239	-0.7946350000000001	vae	1	3	174930	real	-1.18644	-1.41525	dae	2	6	229564
real	B-cells_HPCA_1	-1.7509400000000002	-0.781854	vae	1	3	174930	real	-1.04582	1.36745	dae	2	6	229564
real	pro-B-cells_NOVERSHTERN_2	-0.958326	-0.770338	vae	1	3	174930	real	-0.193997	0.704958	dae	2	6	229564
real	Skeletal-muscle_ENCODE_1	-0.390998	-0.7701939999999999	vae	1	3	174930	real	-1.91725	-4.055630000000001	dae	2	6	229564
real	CD4+-Tem_BLUEPRINT_2	-0.49522200000000005	-0.746741	vae	1	3	174930	real	-0.190649	0.9250440000000001	dae	2	6	229564
real	CMP_BLUEPRINT_3	-1.17139	-0.745585	vae	1	3	174930	real	-0.9118950000000001	-0.0985745	dae	2	6	229564
real	pDC_NOVERSHTERN_1	-0.426666	-0.744166	vae	1	3	174930	real	-0.298377	-1.5319	dae	2	6	229564
real	Macrophages_BLUEPRINT_1	-2.7894200000000002	-0.7360260000000001	vae	1	3	174930	real	-2.9498900000000003	0.707728	dae	2	6	229564
real	cDC_HPCA_2	-0.244988	-0.734455	vae	1	3	174930	real	-0.287245	-2.25074	dae	2	6	229564
real	Melanocytes_FANTOM_2	-5.45621	-0.7198829999999999	vae	1	3	174930	real	-2.73811	1.8531799999999998	dae	2	6	229564
real	Macrophages_BLUEPRINT_3	-2.43792	-0.719858	vae	1	3	174930	real	-3.2618	0.558883	dae	2	6	229564
real	naive-B-cells_BLUEPRINT_2	-1.16024	-0.6798960000000001	vae	1	3	174930	real	-0.630088	0.27670700000000004	dae	2	6	229564
real	Fibroblasts_FANTOM_2	-0.227016	-0.666431	vae	1	3	174930	real	-0.305726	1.70196	dae	2	6	229564
real	Eosinophils_BLUEPRINT_3	-1.87231	-0.6621560000000001	vae	1	3	174930	real	-0.849872	0.529836	dae	2	6	229564
real	CMP_BLUEPRINT_2	-1.12873	-0.655906	vae	1	3	174930	real	-0.931373	-0.0518945	dae	2	6	229564
real	CD4+-T-cells_HPCA_3	-0.8739809999999999	-0.613241	vae	1	3	174930	real	-0.45031800000000005	1.5601399999999999	dae	2	6	229564
real	CD4+-naive-T-cells_IRIS_2	-0.40327199999999996	-0.585255	vae	1	3	174930	real	-0.229593	0.307601	dae	2	6	229564
real	CD8+-Tcm_BLUEPRINT_1	-0.437911	-0.5565439999999999	vae	1	3	174930	real	-0.0374548	0.43500900000000003	dae	2	6	229564
real	Macrophages-M1_BLUEPRINT_1	-0.722734	-0.5504680000000001	vae	1	3	174930	real	-1.3804299999999998	-0.6867840000000001	dae	2	6	229564
real	CD8+-Tcm_NOVERSHTERN_3	-0.628944	-0.539936	vae	1	3	174930	real	0.0788105	0.775753	dae	2	6	229564
real	Macrophages-M2_BLUEPRINT_3	-1.08502	-0.49484300000000003	vae	1	3	174930	real	-0.670798	6.5275	dae	2	6	229564
real	Skeletal-muscle_ENCODE_2	-0.388604	-0.493054	vae	1	3	174930	real	-1.9175900000000001	-6.12322	dae	2	6	229564
real	GMP_NOVERSHTERN_1	-0.265309	-0.48605600000000004	vae	1	3	174930	real	-0.367915	-0.529463	dae	2	6	229564
real	Tregs_FANTOM_3	-0.40897	-0.46209799999999995	vae	1	3	174930	real	-0.137026	0.16100899999999999	dae	2	6	229564
real	CD8+-T-cells_FANTOM_1	-1.71842	-0.43836099999999995	vae	1	3	174930	real	-1.04423	1.39018	dae	2	6	229564
real	NK-cells_IRIS_1	-0.614003	-0.43119799999999997	vae	1	3	174930	real	-0.397681	-1.2691700000000001	dae	2	6	229564
real	CD8+-Tcm_BLUEPRINT_3	-0.492141	-0.429125	vae	1	3	174930	real	0.00022516299999999999	0.8656469999999999	dae	2	6	229564
real	CD8+-T-cells_FANTOM_3	-1.14257	-0.40374	vae	1	3	174930	real	-1.49445	0.47064300000000003	dae	2	6	229564
real	DC_HPCA_2	-0.43568100000000004	-0.394345	vae	1	3	174930	real	-1.38228	-0.922177	dae	2	6	229564
real	CMP_NOVERSHTERN_3	-1.37152	-0.38748299999999997	vae	1	3	174930	real	0.0431035	1.7292	dae	2	6	229564
real	NK-cells_FANTOM_2	-0.558507	-0.362485	vae	1	3	174930	real	-0.41613	0.141057	dae	2	6	229564
real	Class-switched-memory-B-cells_BLUEPRINT_1	-0.402549	-0.361813	vae	1	3	174930	real	-0.0750543	0.488621	dae	2	6	229564
real	CD8+-T-cells_FANTOM_2	-0.52769	-0.33576300000000003	vae	1	3	174930	real	0.102251	0.9658190000000001	dae	2	6	229564
real	CD8+-naive-T-cells_HPCA_1	-2.18879	-0.335074	vae	1	3	174930	real	-2.00535	0.972611	dae	2	6	229564
real	DC_IRIS_1	-0.32008600000000004	-0.318843	vae	1	3	174930	real	-0.534537	-0.401049	dae	2	6	229564
real	pro-B-cells_NOVERSHTERN_1	-1.5367600000000001	-0.30016	vae	1	3	174930	real	-0.8629979999999999	0.8735879999999999	dae	2	6	229564
real	Erythrocytes_HPCA_1	-0.589249	-0.293684	vae	1	3	174930	real	-0.47225200000000006	0.161339	dae	2	6	229564
real	Memory-B-cells_BLUEPRINT_2	-2.6980299999999997	-0.23273400000000002	vae	1	3	174930	real	-4.0281199999999995	-2.86127	dae	2	6	229564
real	CD8+-Tcm_BLUEPRINT_2	-1.36899	-0.23120100000000002	vae	1	3	174930	real	-0.226915	1.3984	dae	2	6	229564
real	CD8+-T-cells_NOVERSHTERN_1	-0.757024	-0.208954	vae	1	3	174930	real	-1.45317	-0.293423	dae	2	6	229564
real	DC_FANTOM_1	-0.30206	-0.196535	vae	1	3	174930	real	-1.12575	-0.6418	dae	2	6	229564
real	CD4+-Tem_HPCA_2	-0.857367	-0.18535	vae	1	3	174930	real	-1.56097	-0.233686	dae	2	6	229564
real	Plasma-cells_HPCA_3	-0.180294	-0.184757	vae	1	3	174930	real	-0.451128	0.0396464	dae	2	6	229564
real	Preadipocytes_FANTOM_2	-0.190529	-0.18315	vae	1	3	174930	real	-0.363598	0.230742	dae	2	6	229564
real	pDC_NOVERSHTERN_2	-0.426666	-0.178071	vae	1	3	174930	real	-0.298377	-1.58991	dae	2	6	229564
real	CD4+-T-cells_FANTOM_2	-0.208627	-0.177493	vae	1	3	174930	real	0.117078	1.4441700000000002	dae	2	6	229564
real	DC_IRIS_2	-1.0136399999999999	-0.176778	vae	1	3	174930	real	-2.24879	-1.13652	dae	2	6	229564
real	B-cells_NOVERSHTERN_1	-2.2838700000000003	-0.170002	vae	1	3	174930	real	-1.7318	0.579554	dae	2	6	229564
real	HSC_FANTOM_3	0.08972639999999998	-0.164303	vae	1	3	174930	real	-0.0635217	0.5535909999999999	dae	2	6	229564
real	CD4+-Tcm_HPCA_1	-0.989124	-0.153258	vae	1	3	174930	real	-1.13455	0.8606790000000001	dae	2	6	229564
real	Melanocytes_ENCODE_2	-0.628415	-0.141329	vae	1	3	174930	real	0.142985	1.05497	dae	2	6	229564
real	Plasma-cells_BLUEPRINT_2	-4.33044	-0.13864400000000002	vae	1	3	174930	real	-3.7888699999999997	0.945939	dae	2	6	229564
real	Mesangial-cells_ENCODE_1	-0.0167957	-0.08671039999999999	vae	1	3	174930	real	-0.0375635	0.9307700000000001	dae	2	6	229564
real	Erythrocytes_FANTOM_1	-0.441391	-0.08572669999999999	vae	1	3	174930	real	-1.9594599999999998	-14.6278	dae	2	6	229564
real	B-cells_HPCA_3	-0.401251	-0.07820389999999999	vae	1	3	174930	real	-0.226764	-0.548983	dae	2	6	229564
real	MSC_HPCA_2	-0.0903505	-0.0700642	vae	1	3	174930	real	0.08867639999999999	1.53405	dae	2	6	229564
real	GMP_NOVERSHTERN_3	-0.265309	-0.0645578	vae	1	3	174930	real	-0.367915	-0.68805	dae	2	6	229564
real	Th2-cells_IRIS_3	-0.345981	-0.0635365	vae	1	3	174930	real	-0.132131	0.6515479999999999	dae	2	6	229564
real	Astrocytes_ENCODE_1	-1.4696799999999999	-0.053857100000000005	vae	1	3	174930	real	0.499881	1.89209	dae	2	6	229564
real	naive-B-cells_NOVERSHTERN_1	-1.45963	-0.0446166	vae	1	3	174930	real	-2.88013	-0.19254200000000002	dae	2	6	229564
real	CD8+-Tem_HPCA_1	-4.90688	-0.041527499999999995	vae	1	3	174930	real	-1.1032	4.36351	dae	2	6	229564
real	GMP_BLUEPRINT_3	-1.1324299999999998	-0.0407754	vae	1	3	174930	real	-1.48276	0.987801	dae	2	6	229564
real	CD4+-naive-T-cells_FANTOM_3	-0.430946	-0.0350927	vae	1	3	174930	real	-0.25313800000000003	0.11171700000000001	dae	2	6	229564
real	Macrophages_IRIS_3	-0.502336	-0.030686	vae	1	3	174930	real	-1.6541099999999997	-0.814367	dae	2	6	229564
real	CD4+-naive-T-cells_NOVERSHTERN_2	-0.19627999999999998	-0.027507599999999997	vae	1	3	174930	real	0.132301	1.57949	dae	2	6	229564
real	Chondrocytes_HPCA_2	-0.17565899999999998	-0.0207863	vae	1	3	174930	real	-0.384846	0.983606	dae	2	6	229564
real	aDC_HPCA_2	-0.47082399999999996	-0.018953	vae	1	3	174930	real	-1.30782	-0.661738	dae	2	6	229564
real	CD4+-Tcm_BLUEPRINT_1	-0.742222	-0.0122793	vae	1	3	174930	real	0.310284	1.95917	dae	2	6	229564
real	CD4+-memory-T-cells_IRIS_2	-0.314492	-0.0108134	vae	1	3	174930	real	-0.180982	0.496404	dae	2	6	229564
real	NK-cells_HPCA_1	-1.8093299999999999	-0.0103074	vae	1	3	174930	real	-0.781175	1.16496	dae	2	6	229564
real	Melanocytes_ENCODE_1	-0.676798	0.0221628	vae	1	3	174930	real	0.188842	1.39644	dae	2	6	229564
real	Melanocytes_ENCODE_3	-0.0908112	0.0286845	vae	1	3	174930	real	0.0449532	1.24119	dae	2	6	229564
real	B-cells_NOVERSHTERN_2	-2.95715	0.032491	vae	1	3	174930	real	-1.90114	1.1321700000000001	dae	2	6	229564
real	Pericytes_FANTOM_3	-0.025388400000000002	0.034861800000000005	vae	1	3	174930	real	0.0101537	1.53673	dae	2	6	229564
real	naive-B-cells_NOVERSHTERN_3	-2.2591200000000002	0.036414300000000004	vae	1	3	174930	real	-2.74063	0.177227	dae	2	6	229564
real	Mesangial-cells_ENCODE_2	0.0485892	0.047042	vae	1	3	174930	real	0.0191037	1.48004	dae	2	6	229564
real	Tgd-cells_HPCA_2	-4.26281	0.049315	vae	1	3	174930	real	-2.87754	2.96996	dae	2	6	229564
real	aDC_HPCA_3	-0.47082399999999996	0.055763099999999996	vae	1	3	174930	real	-1.30782	-0.377374	dae	2	6	229564
real	NK-cells_HPCA_3	-1.15385	0.06661389999999999	vae	1	3	174930	real	-0.631875	0.556132	dae	2	6	229564
real	MPP_NOVERSHTERN_2	0.0	0.0738737	vae	1	3	174930	real	0.0	0.805141	dae	2	6	229564
real	Eosinophils_NOVERSHTERN_3	-0.281438	0.0763442	vae	1	3	174930	real	-0.13915	0.780752	dae	2	6	229564
real	CD4+-memory-T-cells_FANTOM_2	-0.238804	0.07811560000000001	vae	1	3	174930	real	0.0785053	0.924532	dae	2	6	229564
real	GMP_HPCA_1	-2.3176400000000004	0.0834678	vae	1	3	174930	real	-0.411646	2.78368	dae	2	6	229564
real	naive-B-cells_BLUEPRINT_3	-0.6707069999999999	0.0901403	vae	1	3	174930	real	-0.563153	0.178239	dae	2	6	229564
real	Erythrocytes_NOVERSHTERN_1	-1.9997900000000002	0.10263599999999999	vae	1	3	174930	real	-2.64995	0.367238	dae	2	6	229564
real	pro-B-cells_HPCA_2	-5.71755	0.106647	vae	1	3	174930	real	-8.42918	-0.246444	dae	2	6	229564
real	Class-switched-memory-B-cells_NOVERSHTERN_3	-0.370589	0.111929	vae	1	3	174930	real	-0.459697	0.183624	dae	2	6	229564
real	Macrophages_FANTOM_1	-0.502336	0.11333599999999999	vae	1	3	174930	real	-1.6541099999999997	-1.61222	dae	2	6	229564
real	CD8+-T-cells_IRIS_2	-0.15370699999999998	0.130444	vae	1	3	174930	real	-0.78982	-1.81502	dae	2	6	229564
real	Melanocytes_FANTOM_1	-0.10833	0.135708	vae	1	3	174930	real	0.049078500000000004	0.8453379999999999	dae	2	6	229564
real	Chondrocytes_HPCA_3	-0.0760938	0.150105	vae	1	3	174930	real	0.0760173	1.7250900000000002	dae	2	6	229564
real	CMP_HPCA_1	-5.76949	0.155358	vae	1	3	174930	real	-5.075480000000001	0.628821	dae	2	6	229564
real	CD8+-T-cells_NOVERSHTERN_3	-1.14257	0.199036	vae	1	3	174930	real	-1.49445	0.6504979999999999	dae	2	6	229564
real	Megakaryocytes_BLUEPRINT_2	0.0233916	0.20175099999999999	vae	1	3	174930	real	0.0166519	1.3695	dae	2	6	229564
real	Macrophages_HPCA_3	-1.94622	0.208639	vae	1	3	174930	real	-0.996755	3.98564	dae	2	6	229564
real	mv-Endothelial-cells_FANTOM_3	-1.8204200000000001	0.224595	vae	1	3	174930	real	-1.26099	2.46217	dae	2	6	229564
real	CD4+-T-cells_FANTOM_1	-0.431593	0.228606	vae	1	3	174930	real	-0.332625	0.471979	dae	2	6	229564
real	iDC_HPCA_2	-0.216092	0.230015	vae	1	3	174930	real	-0.5803550000000001	-3.04549	dae	2	6	229564
real	cDC_HPCA_1	0.0141542	0.23489899999999997	vae	1	3	174930	real	-0.35602399999999995	0.367539	dae	2	6	229564
real	Memory-B-cells_IRIS_1	-0.44991899999999996	0.24289699999999997	vae	1	3	174930	real	-0.103992	1.18154	dae	2	6	229564
real	GMP_NOVERSHTERN_2	-0.265309	0.24814899999999998	vae	1	3	174930	real	-0.367915	0.683195	dae	2	6	229564
real	MEP_HPCA_1	-0.9380139999999999	0.254146	vae	1	3	174930	real	-1.55827	0.502771	dae	2	6	229564
real	Osteoblast_HPCA_2	-0.245682	0.26321100000000003	vae	1	3	174930	real	0.154203	1.42018	dae	2	6	229564
real	Th1-cells_IRIS_3	-0.0984936	0.264882	vae	1	3	174930	real	0.107749	1.96426	dae	2	6	229564
real	GMP_BLUEPRINT_2	-1.51947	0.277912	vae	1	3	174930	real	-1.8439299999999998	1.39757	dae	2	6	229564
real	Macrophages-M1_BLUEPRINT_3	-2.13614	0.278337	vae	1	3	174930	real	-2.70801	0.187175	dae	2	6	229564
real	aDC_IRIS_1	-0.422308	0.290578	vae	1	3	174930	real	-1.13227	-0.49423599999999995	dae	2	6	229564
real	Erythrocytes_NOVERSHTERN_2	-0.980166	0.295504	vae	1	3	174930	real	-1.35001	0.295092	dae	2	6	229564
real	pDC_NOVERSHTERN_3	-0.426666	0.295991	vae	1	3	174930	real	-0.298377	0.5280060000000001	dae	2	6	229564
real	Megakaryocytes_NOVERSHTERN_2	-0.572699	0.298373	vae	1	3	174930	real	-1.58769	-1.0931899999999999	dae	2	6	229564
real	CMP_NOVERSHTERN_2	-0.000944005	0.320708	vae	1	3	174930	real	-0.179358	0.718862	dae	2	6	229564
real	Melanocytes_FANTOM_3	-5.204280000000001	0.32361100000000004	vae	1	3	174930	real	-3.66468	5.25798	dae	2	6	229564
real	ly-Endothelial-cells_FANTOM_3	-0.0281796	0.332793	vae	1	3	174930	real	-0.253762	0.34675100000000003	dae	2	6	229564
real	MPP_ENCODE_3	0.0	0.332833	vae	1	3	174930	real	0.0	0.844231	dae	2	6	229564
real	CD8+-Tcm_HPCA_1	-0.6981609999999999	0.33569499999999997	vae	1	3	174930	real	0.0559817	1.52855	dae	2	6	229564
real	CD8+-T-cells_IRIS_1	-0.0527987	0.33710300000000004	vae	1	3	174930	real	-0.461347	0.333025	dae	2	6	229564
real	NKT_NOVERSHTERN_3	-0.16492	0.34170900000000004	vae	1	3	174930	real	-0.000415004	0.8496090000000001	dae	2	6	229564
real	Macrophages-M2_BLUEPRINT_2	-0.342254	0.34942399999999996	vae	1	3	174930	real	-0.27872600000000003	0.611073	dae	2	6	229564
real	Class-switched-memory-B-cells_NOVERSHTERN_1	-0.370589	0.3549	vae	1	3	174930	real	-0.459697	0.699385	dae	2	6	229564
real	Class-switched-memory-B-cells_BLUEPRINT_2	-0.608855	0.359702	vae	1	3	174930	real	-0.0102977	0.8575729999999999	dae	2	6	229564
real	CD4+-T-cells_HPCA_2	-0.902451	0.36144299999999996	vae	1	3	174930	real	-0.41207	1.43474	dae	2	6	229564
real	Plasma-cells_HPCA_1	-0.354435	0.372048	vae	1	3	174930	real	-0.37066	0.659573	dae	2	6	229564
real	DC_FANTOM_3	-0.593052	0.375665	vae	1	3	174930	real	-2.1319999999999997	-0.6534310000000001	dae	2	6	229564
real	CD4+-naive-T-cells_IRIS_1	-0.504341	0.377804	vae	1	3	174930	real	-0.23148200000000002	0.8633700000000001	dae	2	6	229564
real	NKT_NOVERSHTERN_2	-0.44071000000000005	0.382291	vae	1	3	174930	real	-0.102923	0.575832	dae	2	6	229564
real	CD8+-T-cells_IRIS_3	-0.14491700000000002	0.385626	vae	1	3	174930	real	-0.767063	0.260869	dae	2	6	229564
real	Plasma-cells_HPCA_2	-0.627692	0.394915	vae	1	3	174930	real	-0.411267	0.986619	dae	2	6	229564
real	Tregs_HPCA_3	-0.09669610000000001	0.402677	vae	1	3	174930	real	0.00883306	0.9930549999999999	dae	2	6	229564
real	CD4+-T-cells_HPCA_1	-0.7732140000000001	0.41643500000000006	vae	1	3	174930	real	-0.38850999999999997	0.753301	dae	2	6	229564
real	CMP_HPCA_2	-1.9576900000000002	0.41860699999999995	vae	1	3	174930	real	-0.145676	7.41953	dae	2	6	229564
real	Tregs_FANTOM_2	-0.0308448	0.419677	vae	1	3	174930	real	0.032171	0.962126	dae	2	6	229564
real	DC_BLUEPRINT_2	0.00160597	0.443374	vae	1	3	174930	real	-0.171035	0.400964	dae	2	6	229564
real	Memory-B-cells_IRIS_3	-0.17453	0.450855	vae	1	3	174930	real	-0.0795388	0.6448119999999999	dae	2	6	229564
real	CD8+-T-cells_NOVERSHTERN_2	0.012754099999999999	0.452006	vae	1	3	174930	real	2.22968e-05	1.39045	dae	2	6	229564
real	Osteoblast_HPCA_1	-0.41895699999999997	0.455646	vae	1	3	174930	real	0.313654	1.49711	dae	2	6	229564
real	Macrophages-M2_HPCA_3	0.0362719	0.460751	vae	1	3	174930	real	-0.7087720000000001	-1.26641	dae	2	6	229564
real	Class-switched-memory-B-cells_BLUEPRINT_3	-0.315201	0.46524799999999994	vae	1	3	174930	real	-0.0721885	1.79745	dae	2	6	229564
real	Plasma-cells_BLUEPRINT_1	-0.0267728	0.473738	vae	1	3	174930	real	0.010164399999999999	0.759165	dae	2	6	229564
real	CD4+-naive-T-cells_IRIS_3	-0.951876	0.474869	vae	1	3	174930	real	-0.440295	2.1928799999999997	dae	2	6	229564
real	CD4+-T-cells_BLUEPRINT_2	-0.822629	0.47701800000000005	vae	1	3	174930	real	-0.18892	1.97312	dae	2	6	229564
real	Astrocytes_ENCODE_3	-0.41357299999999997	0.484721	vae	1	3	174930	real	0.139185	0.915969	dae	2	6	229564
real	Memory-B-cells_BLUEPRINT_1	-3.75417	0.488568	vae	1	3	174930	real	-8.45401	-0.80416	dae	2	6	229564
real	DC_BLUEPRINT_1	0.0571908	0.49323199999999995	vae	1	3	174930	real	-0.04965119999999999	0.6358020000000001	dae	2	6	229564
real	CD4+-Tem_NOVERSHTERN_3	-0.328851	0.5049520000000001	vae	1	3	174930	real	-0.34976799999999997	0.5319470000000001	dae	2	6	229564
real	Macrophages-M2_HPCA_1	-0.9170370000000001	0.508332	vae	1	3	174930	real	-1.7394599999999998	0.802855	dae	2	6	229564
real	CD4+-Tcm_BLUEPRINT_2	-0.687235	0.5125609999999999	vae	1	3	174930	real	0.000213118	1.36301	dae	2	6	229564
real	Plasma-cells_IRIS_2	-0.209533	0.515009	vae	1	3	174930	real	-0.407997	1.9549599999999998	dae	2	6	229564
real	Class-switched-memory-B-cells_NOVERSHTERN_2	-0.370589	0.517251	vae	1	3	174930	real	-0.459697	1.2565899999999999	dae	2	6	229564
real	HSC_BLUEPRINT_3	-0.504116	0.525565	vae	1	3	174930	real	-0.84162	-0.357195	dae	2	6	229564
real	Macrophages_IRIS_2	-1.37478	0.527057	vae	1	3	174930	real	-0.7996850000000001	2.59102	dae	2	6	229564
real	Plasma-cells_BLUEPRINT_3	-3.8244599999999997	0.538216	vae	1	3	174930	real	-5.878480000000001	0.902485	dae	2	6	229564
real	iDC_HPCA_1	-0.340927	0.5479609999999999	vae	1	3	174930	real	-0.9201360000000001	-0.246996	dae	2	6	229564
real	Macrophages-M2_HPCA_2	0.127295	0.549075	vae	1	3	174930	real	-0.7343109999999999	0.150829	dae	2	6	229564
real	CD4+-memory-T-cells_IRIS_3	-0.264545	0.554838	vae	1	3	174930	real	-0.19531500000000002	0.727329	dae	2	6	229564
real	Tregs_HPCA_1	-0.09669610000000001	0.555285	vae	1	3	174930	real	0.00883306	1.46999	dae	2	6	229564
real	CD8+-T-cells_BLUEPRINT_1	-0.741528	0.557501	vae	1	3	174930	real	-0.773418	0.52289	dae	2	6	229564
real	Myocytes_ENCODE_2	0.109989	0.563565	vae	1	3	174930	real	-0.6859430000000001	0.283513	dae	2	6	229564
real	HSC_BLUEPRINT_1	0.11167300000000001	0.5693090000000001	vae	1	3	174930	real	-0.0643569	0.68921	dae	2	6	229564
real	Macrophages-M1_FANTOM_1	-0.73398	0.5756359999999999	vae	1	3	174930	real	-1.35991	1.75754	dae	2	6	229564
real	MEP_BLUEPRINT_3	0.2127	0.578375	vae	1	3	174930	real	-0.2089	0.385529	dae	2	6	229564
real	MPP_NOVERSHTERN_3	0.0	0.5856640000000001	vae	1	3	174930	real	0.0	0.831918	dae	2	6	229564
real	mv-Endothelial-cells_FANTOM_2	-0.5945050000000001	0.5883390000000001	vae	1	3	174930	real	-1.31104	0.445533	dae	2	6	229564
real	MPP_NOVERSHTERN_1	0.0325004	0.594398	vae	1	3	174930	real	-0.0233167	0.8825049999999999	dae	2	6	229564
real	pDC_FANTOM_2	-0.30104000000000003	0.5997819999999999	vae	1	3	174930	real	-0.472272	-0.49767799999999995	dae	2	6	229564
real	DC_HPCA_3	-0.0859785	0.60296	vae	1	3	174930	real	-0.39161799999999997	0.45508999999999994	dae	2	6	229564
real	CD4+-memory-T-cells_IRIS_1	0.0469091	0.620352	vae	1	3	174930	real	-0.034339800000000004	1.42135	dae	2	6	229564
real	Platelets_HPCA_3	0.0	0.620722	vae	1	3	174930	real	0.0	0.9798479999999999	dae	2	6	229564
real	MEP_NOVERSHTERN_1	0.283503	0.627942	vae	1	3	174930	real	0.053757900000000004	1.3519999999999999	dae	2	6	229564
real	cDC_NOVERSHTERN_2	0.0	0.6286109999999999	vae	1	3	174930	real	0.0	0.953209	dae	2	6	229564
real	pro-B-cells_HPCA_3	-1.00134	0.629833	vae	1	3	174930	real	-1.8315299999999999	0.396896	dae	2	6	229564
real	Skeletal-muscle_ENCODE_3	-0.186594	0.6347970000000001	vae	1	3	174930	real	-2.00148	-2.7475099999999997	dae	2	6	229564
real	Megakaryocytes_BLUEPRINT_3	0.0	0.643088	vae	1	3	174930	real	0.0	0.299404	dae	2	6	229564
real	Endothelial-cells_HPCA_1	0.0353297	0.64718	vae	1	3	174930	real	-0.476216	-0.17803	dae	2	6	229564
real	Erythrocytes_NOVERSHTERN_3	-2.004	0.652516	vae	1	3	174930	real	-3.25483	0.223133	dae	2	6	229564
real	CD4+-Tem_BLUEPRINT_3	-0.305108	0.655605	vae	1	3	174930	real	-0.12348900000000002	1.5214	dae	2	6	229564
real	MPP_BLUEPRINT_2	-1.31121	0.656571	vae	1	3	174930	real	-0.541261	3.13991	dae	2	6	229564
real	Endothelial-cells_FANTOM_2	0.110579	0.664451	vae	1	3	174930	real	-0.35967	0.333988	dae	2	6	229564
real	Chondrocytes_ENCODE_3	-0.14828	0.6714859999999999	vae	1	3	174930	real	0.112898	1.7148299999999999	dae	2	6	229564
real	HSC_NOVERSHTERN_1	0.048956	0.682864	vae	1	3	174930	real	-0.021231599999999996	0.547886	dae	2	6	229564
real	DC_BLUEPRINT_3	0.0571908	0.683246	vae	1	3	174930	real	-0.04965119999999999	0.652089	dae	2	6	229564
real	Plasma-cells_IRIS_3	-0.281378	0.692505	vae	1	3	174930	real	-0.405798	0.601374	dae	2	6	229564
real	CD8+-T-cells_HPCA_1	0.012754099999999999	0.704434	vae	1	3	174930	real	2.22968e-05	1.0553700000000001	dae	2	6	229564
real	CD4+-T-cells_FANTOM_3	-1.4723	0.705099	vae	1	3	174930	real	-1.3033299999999999	1.25563	dae	2	6	229564
real	Th2-cells_IRIS_2	-0.0235403	0.7138100000000001	vae	1	3	174930	real	0.014024600000000002	0.918291	dae	2	6	229564
real	Smooth-muscle_ENCODE_2	0.21211	0.7260449999999999	vae	1	3	174930	real	0.0167118	1.4096	dae	2	6	229564
real	GMP_BLUEPRINT_1	-1.15523	0.73038	vae	1	3	174930	real	-1.48898	1.2561200000000001	dae	2	6	229564
real	CD4+-Tcm_NOVERSHTERN_3	-0.910273	0.731841	vae	1	3	174930	real	-1.4131	0.764714	dae	2	6	229564
real	Megakaryocytes_BLUEPRINT_1	0.0208829	0.7319899999999999	vae	1	3	174930	real	-0.009042	-0.120226	dae	2	6	229564
real	MSC_HPCA_1	-0.0964628	0.737825	vae	1	3	174930	real	0.181802	5.4215	dae	2	6	229564
real	MPP_BLUEPRINT_3	-0.553976	0.738012	vae	1	3	174930	real	-0.226586	1.69985	dae	2	6	229564
real	Astrocytes_ENCODE_2	-0.45689700000000005	0.738838	vae	1	3	174930	real	0.21160900000000002	2.26344	dae	2	6	229564
real	Tregs_BLUEPRINT_1	0.0834389	0.746025	vae	1	3	174930	real	-0.282875	0.03146090000000001	dae	2	6	229564
real	iDC_HPCA_3	-0.0208418	0.7512949999999999	vae	1	3	174930	real	-0.38559899999999997	0.164374	dae	2	6	229564
real	Endothelial-cells_BLUEPRINT_1	0.13451400000000002	0.754332	vae	1	3	174930	real	-0.326652	0.048604	dae	2	6	229564
real	Chondrocytes_ENCODE_1	0.11511199999999999	0.761603	vae	1	3	174930	real	-0.0600082	0.9535110000000001	dae	2	6	229564
real	CD4+-naive-T-cells_HPCA_2	0.06896619999999999	0.772704	vae	1	3	174930	real	-1.01225	0.297331	dae	2	6	229564
real	ly-Endothelial-cells_FANTOM_2	0.2121	0.793179	vae	1	3	174930	real	-0.9457129999999999	1.4732100000000001	dae	2	6	229564
real	HSC_NOVERSHTERN_3	0.139718	0.7955270000000001	vae	1	3	174930	real	-0.062289699999999996	-0.0981195	dae	2	6	229564
real	CD4+-Tem_HPCA_1	-1.7390700000000001	0.807203	vae	1	3	174930	real	-1.16174	2.73734	dae	2	6	229564
real	MEP_NOVERSHTERN_3	-0.08575239999999999	0.812303	vae	1	3	174930	real	-1.04167	-0.30533899999999997	dae	2	6	229564
real	Th2-cells_IRIS_1	0.11466900000000001	0.813014	vae	1	3	174930	real	-0.173548	-0.695146	dae	2	6	229564
real	CD4+-Tem_NOVERSHTERN_1	-0.627046	0.8154859999999999	vae	1	3	174930	real	-1.69102	0.24766100000000002	dae	2	6	229564
real	CMP_NOVERSHTERN_1	0.113141	0.8170890000000001	vae	1	3	174930	real	-0.256153	0.801747	dae	2	6	229564
real	cDC_HPCA_3	0.0771908	0.8207200000000001	vae	1	3	174930	real	-0.262079	0.599829	dae	2	6	229564
real	NK-cells_NOVERSHTERN_1	0.0	0.824792	vae	1	3	174930	real	0.0	0.881174	dae	2	6	229564
real	CD8+-T-cells_HPCA_2	0.224885	0.831767	vae	1	3	174930	real	-0.5362939999999999	0.0106561	dae	2	6	229564
real	HSC_NOVERSHTERN_2	0.08972639999999998	0.864909	vae	1	3	174930	real	-0.0635217	0.400418	dae	2	6	229564
real	CD4+-Tcm_NOVERSHTERN_1	0.0623281	0.865345	vae	1	3	174930	real	-1.08598	-2.9253400000000003	dae	2	6	229564
real	cDC_NOVERSHTERN_1	0.0	0.867667	vae	1	3	174930	real	0.0	2.47111	dae	2	6	229564
real	Macrophages-M2_BLUEPRINT_1	-1.66697	0.8698229999999999	vae	1	3	174930	real	-1.15778	1.831	dae	2	6	229564
real	Fibroblasts_HPCA_1	-0.8712190000000001	0.871192	vae	1	3	174930	real	-0.22491799999999998	1.1387399999999999	dae	2	6	229564
real	Preadipocytes_ENCODE_2	0.0907438	0.876229	vae	1	3	174930	real	0.0296954	0.919911	dae	2	6	229564
real	Tregs_FANTOM_1	0.0	0.884533	vae	1	3	174930	real	0.0	1.63188	dae	2	6	229564
real	Adipocytes_ENCODE_1	0.314824	0.887017	vae	1	3	174930	real	-1.48997	-2.5928299999999997	dae	2	6	229564
real	Megakaryocytes_NOVERSHTERN_3	0.0379743	0.8948309999999999	vae	1	3	174930	real	-0.0634101	0.556013	dae	2	6	229564
real	MPP_ENCODE_2	0.0	0.909021	vae	1	3	174930	real	0.0	0.839592	dae	2	6	229564
real	Endothelial-cells_ENCODE_3	0.264717	0.911365	vae	1	3	174930	real	-0.529808	1.14811	dae	2	6	229564
real	Macrophages_BLUEPRINT_2	-2.54785	0.9201590000000001	vae	1	3	174930	real	-3.2869	1.03158	dae	2	6	229564
real	CD4+-Tcm_HPCA_3	-0.447877	0.9300280000000001	vae	1	3	174930	real	-1.3059100000000001	-0.16303099999999998	dae	2	6	229564
real	HSC_FANTOM_2	0.13380799999999998	0.934992	vae	1	3	174930	real	-1.6434099999999998	-39.9409	dae	2	6	229564
real	Tregs_HPCA_2	0.0	0.940291	vae	1	3	174930	real	0.0	0.544193	dae	2	6	229564
real	Mesangial-cells_ENCODE_3	-0.144039	0.94255	vae	1	3	174930	real	-0.467962	1.6122	dae	2	6	229564
real	CLP_BLUEPRINT_2	0.250062	0.9467399999999999	vae	1	3	174930	real	-0.0711887	0.907291	dae	2	6	229564
real	Pericytes_FANTOM_1	-0.0188068	0.951815	vae	1	3	174930	real	0.00350768	0.9346780000000001	dae	2	6	229564
real	Platelets_HPCA_2	-2.9709	0.956152	vae	1	3	174930	real	-2.2728900000000003	2.85843	dae	2	6	229564
real	Pericytes_FANTOM_2	-0.020433700000000003	0.9967860000000001	vae	1	3	174930	real	0.000145537	0.754497	dae	2	6	229564
real	CD4+-T-cells_BLUEPRINT_3	0.0483096	1.0047	vae	1	3	174930	real	0.1252	2.04956	dae	2	6	229564
real	Mast-cells_FANTOM_3	-0.460056	1.01672	vae	1	3	174930	real	-1.73426	1.9655	dae	2	6	229564
real	Myocytes_ENCODE_1	0.0350748	1.03345	vae	1	3	174930	real	-0.6851109999999999	-0.5887819999999999	dae	2	6	229564
real	Tregs_BLUEPRINT_2	0.0	1.0339	vae	1	3	174930	real	0.0	0.7195060000000001	dae	2	6	229564
real	Endothelial-cells_BLUEPRINT_2	0.13451400000000002	1.0441	vae	1	3	174930	real	-0.326652	0.19891199999999998	dae	2	6	229564
real	Adipocytes_HPCA_1	0.37758600000000003	1.05534	vae	1	3	174930	real	-1.5164799999999998	-0.930399	dae	2	6	229564
real	Basophils_FANTOM_3	0.0	1.05774	vae	1	3	174930	real	0.0	0.611364	dae	2	6	229564
real	Endothelial-cells_HPCA_2	-0.0581185	1.06345	vae	1	3	174930	real	-0.109706	0.384556	dae	2	6	229564
real	Eosinophils_BLUEPRINT_1	-0.277532	1.08273	vae	1	3	174930	real	0.0188123	1.23551	dae	2	6	229564
real	CD4+-Tcm_HPCA_2	-1.44432	1.10104	vae	1	3	174930	real	-1.12453	2.24137	dae	2	6	229564
real	DC_FANTOM_2	-0.515513	1.11839	vae	1	3	174930	real	-3.2612900000000002	0.20625100000000002	dae	2	6	229564
real	Tregs_BLUEPRINT_3	-0.0308448	1.11933	vae	1	3	174930	real	0.032171	1.0413299999999999	dae	2	6	229564
real	GMP_HPCA_3	-1.6440099999999997	1.13724	vae	1	3	174930	real	0.296338	2.54067	dae	2	6	229564
real	Smooth-muscle_ENCODE_3	-0.262472	1.13725	vae	1	3	174930	real	0.00280347	1.0395	dae	2	6	229564
real	Osteoblast_FANTOM_2	0.217425	1.1419	vae	1	3	174930	real	0.0241422	1.6924599999999999	dae	2	6	229564
real	Endothelial-cells_FANTOM_1	0.110579	1.15534	vae	1	3	174930	real	-0.35967	-0.0495986	dae	2	6	229564
real	DC_IRIS_3	-0.585076	1.16104	vae	1	3	174930	real	-1.48117	-0.689439	dae	2	6	229564
real	Plasma-cells_IRIS_1	0.00714458	1.16392	vae	1	3	174930	real	-0.00966947	1.3007	dae	2	6	229564
real	CD4+-Tcm_NOVERSHTERN_2	0.12198900000000001	1.19211	vae	1	3	174930	real	-1.12524	-1.11847	dae	2	6	229564
real	ly-Endothelial-cells_FANTOM_1	0.0378079	1.20991	vae	1	3	174930	real	-0.234776	-3.69558	dae	2	6	229564
real	Basophils_NOVERSHTERN_3	0.021593400000000002	1.21383	vae	1	3	174930	real	0.00478804	1.45317	dae	2	6	229564
real	Macrophages_HPCA_1	-2.06601	1.21617	vae	1	3	174930	real	-1.25732	2.47045	dae	2	6	229564
real	Fibroblasts_HPCA_2	-0.615247	1.21672	vae	1	3	174930	real	-0.231479	1.63524	dae	2	6	229564
real	NK-cells_NOVERSHTERN_2	-0.031238099999999998	1.23004	vae	1	3	174930	real	0.0268981	1.48053	dae	2	6	229564
real	Myocytes_FANTOM_3	0.158834	1.23803	vae	1	3	174930	real	-3.5940300000000005	-3.65763	dae	2	6	229564
real	CD4+-naive-T-cells_HPCA_3	-0.08811210000000001	1.25948	vae	1	3	174930	real	-1.21336	0.0367364	dae	2	6	229564
real	Adipocytes_ENCODE_2	0.37758600000000003	1.27306	vae	1	3	174930	real	-1.5164799999999998	-0.34968499999999997	dae	2	6	229564
real	HSC_BLUEPRINT_2	-0.0444588	1.27484	vae	1	3	174930	real	-0.0406134	0.739893	dae	2	6	229564
real	CD4+-Tcm_BLUEPRINT_3	-1.5138200000000002	1.28627	vae	1	3	174930	real	0.266673	1.7671	dae	2	6	229564
real	MEP_HPCA_2	-0.08575239999999999	1.30449	vae	1	3	174930	real	-1.04167	0.40929699999999997	dae	2	6	229564
real	CD4+-naive-T-cells_HPCA_1	0.0933367	1.3174	vae	1	3	174930	real	-0.764061	0.48479399999999995	dae	2	6	229564
real	mv-Endothelial-cells_HPCA_3	0.190501	1.3260399999999999	vae	1	3	174930	real	-0.5519109999999999	0.011058499999999999	dae	2	6	229564
real	Preadipocytes_ENCODE_1	0.47844200000000003	1.33107	vae	1	3	174930	real	-0.149713	7.358160000000001	dae	2	6	229564
real	CD8+-naive-T-cells_HPCA_2	-0.0728045	1.34172	vae	1	3	174930	real	-1.64524	0.8036369999999999	dae	2	6	229564
real	CD8+-naive-T-cells_HPCA_3	0.0685313	1.3614899999999999	vae	1	3	174930	real	-2.7962	-1.10075	dae	2	6	229564
real	cDC_NOVERSHTERN_3	0.0571908	1.3744	vae	1	3	174930	real	-0.04965119999999999	0.9409930000000001	dae	2	6	229564
real	aDC_IRIS_3	-1.75102	1.39211	vae	1	3	174930	real	-2.16331	1.89362	dae	2	6	229564
real	Mast-cells_FANTOM_1	-0.623432	1.44611	vae	1	3	174930	real	-1.63342	3.20915	dae	2	6	229564
real	mv-Endothelial-cells_FANTOM_1	-0.578512	1.46203	vae	1	3	174930	real	-1.44131	1.48371	dae	2	6	229564
real	CD4+-Tem_HPCA_3	0.014722799999999998	1.49482	vae	1	3	174930	real	-0.00210445	0.999286	dae	2	6	229564
real	Smooth-muscle_HPCA_1	0.127019	1.50901	vae	1	3	174930	real	-0.027260900000000005	0.688289	dae	2	6	229564
real	Smooth-muscle_ENCODE_1	0.0186924	1.51187	vae	1	3	174930	real	0.080302	0.68102	dae	2	6	229564
real	HSC_FANTOM_1	0.26515500000000003	1.51214	vae	1	3	174930	real	-1.76593	-3.5979300000000003	dae	2	6	229564
real	Endothelial-cells_ENCODE_1	0.615642	1.55746	vae	1	3	174930	real	-0.832261	0.7169	dae	2	6	229564
real	Macrophages_IRIS_1	-0.14516400000000002	1.60077	vae	1	3	174930	real	-0.369614	1.0346899999999999	dae	2	6	229564
real	MEP_BLUEPRINT_1	0.340827	1.61368	vae	1	3	174930	real	-0.261123	0.39304	dae	2	6	229564
real	Myocytes_FANTOM_1	0.133204	1.6465400000000001	vae	1	3	174930	real	-5.93345	-6.55915	dae	2	6	229564
real	Chondrocytes_FANTOM_1	-1.9026299999999998	1.67537	vae	1	3	174930	real	-5.200419999999999	0.660341	dae	2	6	229564
real	Myocytes_FANTOM_2	0.0647106	1.69662	vae	1	3	174930	real	-11.9007	-14.9301	dae	2	6	229564
real	mv-Endothelial-cells_HPCA_2	0.326327	1.70015	vae	1	3	174930	real	-0.7124199999999999	0.902914	dae	2	6	229564
real	ly-Endothelial-cells_HPCA_1	0.149251	1.77357	vae	1	3	174930	real	-0.438438	-0.0531411	dae	2	6	229564
real	CD4+-Tem_BLUEPRINT_1	0.014722799999999998	1.78835	vae	1	3	174930	real	-0.00210445	0.765582	dae	2	6	229564
real	Smooth-muscle_HPCA_2	0.267048	1.80961	vae	1	3	174930	real	-0.06891289999999999	0.710688	dae	2	6	229564
real	Adipocytes_HPCA_2	0.314824	1.8183599999999998	vae	1	3	174930	real	-1.48997	-7.004560000000001	dae	2	6	229564
real	mv-Endothelial-cells_HPCA_1	0.19130999999999998	1.82475	vae	1	3	174930	real	-0.505499	0.194893	dae	2	6	229564
real	Chondrocytes_FANTOM_2	-0.0827672	1.84172	vae	1	3	174930	real	-1.19408	1.65658	dae	2	6	229564
real	Macrophages_HPCA_2	-1.52912	1.97512	vae	1	3	174930	real	-0.9325680000000001	3.34272	dae	2	6	229564
real	ly-Endothelial-cells_HPCA_2	0.09825930000000001	1.98485	vae	1	3	174930	real	-0.315334	0.48718999999999996	dae	2	6	229564
real	Endothelial-cells_ENCODE_2	0.607344	2.02034	vae	1	3	174930	real	-0.804906	1.6811	dae	2	6	229564
real	Pericytes_ENCODE_3	-0.24506799999999998	2.03913	vae	1	3	174930	real	-2.91941	1.10385	dae	2	6	229564
real	Osteoblast_FANTOM_1	0.49434799999999995	2.04597	vae	1	3	174930	real	-0.0382022	1.5341799999999999	dae	2	6	229564
real	Eosinophils_BLUEPRINT_2	0.33676100000000003	2.04664	vae	1	3	174930	real	-0.337537	0.397727	dae	2	6	229564
real	Fibroblasts_HPCA_3	0.29497199999999996	2.06012	vae	1	3	174930	real	-0.9604719999999999	4.28493	dae	2	6	229564
real	Endothelial-cells_BLUEPRINT_3	0.605507	2.0821	vae	1	3	174930	real	-0.689508	2.35384	dae	2	6	229564
real	MPP_BLUEPRINT_1	-0.0498051	2.11701	vae	1	3	174930	real	-0.11608900000000001	2.3447400000000003	dae	2	6	229564
real	Chondrocytes_ENCODE_2	0.0893683	2.16606	vae	1	3	174930	real	-0.0475833	1.09951	dae	2	6	229564
real	Mesangial-cells_FANTOM_3	0.477084	2.19392	vae	1	3	174930	real	-3.81227	2.13423	dae	2	6	229564
real	MSC_HPCA_3	0.104393	2.23713	vae	1	3	174930	real	0.329044	1.55338	dae	2	6	229564
real	ly-Endothelial-cells_HPCA_3	0.286746	2.2621	vae	1	3	174930	real	-0.5385810000000001	-0.31744	dae	2	6	229564
real	Endothelial-cells_HPCA_3	-0.13883299999999998	2.26252	vae	1	3	174930	real	-0.663742	1.9007900000000002	dae	2	6	229564
real	MEP_BLUEPRINT_2	0.254406	2.26493	vae	1	3	174930	real	-0.189402	0.712758	dae	2	6	229564
real	Fibroblasts_FANTOM_3	-0.0530774	2.4363099999999998	vae	1	3	174930	real	-0.754397	0.987772	dae	2	6	229564
real	Pericytes_ENCODE_2	-0.536582	2.45585	vae	1	3	174930	real	-3.04587	2.56451	dae	2	6	229564
real	Fibroblasts_ENCODE_3	0.9483809999999999	2.4803900000000003	vae	1	3	174930	real	-2.2347200000000003	-2.40246	dae	2	6	229564
real	Smooth-muscle_FANTOM_3	-0.141442	2.5118099999999997	vae	1	3	174930	real	-0.116349	2.14071	dae	2	6	229564
real	CLP_BLUEPRINT_1	0.185712	2.6090299999999997	vae	1	3	174930	real	-0.0585059	0.9657899999999999	dae	2	6	229564
real	CLP_BLUEPRINT_3	0.48752399999999996	2.61039	vae	1	3	174930	real	-0.09087310000000001	1.24586	dae	2	6	229564
real	Adipocytes_HPCA_3	0.46493599999999996	2.74622	vae	1	3	174930	real	-1.5977	-3.89117	dae	2	6	229564
real	Osteoblast_HPCA_3	-0.23758800000000002	2.80582	vae	1	3	174930	real	0.460109	4.52867	dae	2	6	229564
real	Smooth-muscle_FANTOM_2	0.21211	2.81637	vae	1	3	174930	real	0.0167118	2.56585	dae	2	6	229564
real	Skeletal-muscle_FANTOM_2	2.71408	2.8857	vae	1	3	174930	real	-27.1918	-11.165999999999999	dae	2	6	229564
real	Adipocytes_ENCODE_3	0.386625	2.90834	vae	1	3	174930	real	-1.5346799999999998	-3.9273599999999997	dae	2	6	229564
real	Endothelial-cells_FANTOM_3	0.9200950000000001	2.97357	vae	1	3	174930	real	-1.2856	0.39700100000000005	dae	2	6	229564
real	Mesangial-cells_FANTOM_1	2.55437	3.00199	vae	1	3	174930	real	-4.07944	0.35887199999999997	dae	2	6	229564
real	Pericytes_ENCODE_1	-0.0668596	3.16604	vae	1	3	174930	real	-1.62322	-2.93377	dae	2	6	229564
real	Epithelial-cells_ENCODE_3	7.51593	3.2464	vae	1	3	174930	real	-5.55746	-0.782408	dae	2	6	229564
real	Chondrocytes_FANTOM_3	0.174993	3.25873	vae	1	3	174930	real	-1.47517	1.3996600000000001	dae	2	6	229564
real	Macrophages-M1_FANTOM_2	-1.7391900000000002	3.2597400000000003	vae	1	3	174930	real	-2.94395	2.4706200000000003	dae	2	6	229564
real	Chondrocytes_HPCA_1	0.281306	3.26563	vae	1	3	174930	real	-0.039336699999999995	0.381473	dae	2	6	229564
real	Epithelial-cells_FANTOM_1	2.24373	3.2898699999999996	vae	1	3	174930	real	-1.57394	-1.41713	dae	2	6	229564
real	mv-Endothelial-cells_ENCODE_3	-0.0708888	3.33545	vae	1	3	174930	real	-0.286668	3.54178	dae	2	6	229564
real	Fibroblasts_FANTOM_1	0.29497199999999996	3.7057900000000004	vae	1	3	174930	real	-0.9604719999999999	3.53723	dae	2	6	229564
real	CD4+-memory-T-cells_FANTOM_1	0.0449304	3.7442599999999997	vae	1	3	174930	real	0.715585	3.4986099999999998	dae	2	6	229564
real	Smooth-muscle_FANTOM_1	-1.05358	3.94591	vae	1	3	174930	real	0.18301199999999998	2.58331	dae	2	6	229564
real	Osteoblast_FANTOM_3	0.715917	3.9763800000000002	vae	1	3	174930	real	-0.0399404	1.48194	dae	2	6	229564
real	Fibroblasts_ENCODE_2	1.23104	4.02297	vae	1	3	174930	real	-2.1102	1.04403	dae	2	6	229564
real	Keratinocytes_ENCODE_2	3.0912900000000003	4.16085	vae	1	3	174930	real	-4.29849	-2.88381	dae	2	6	229564
real	CD4+-memory-T-cells_FANTOM_3	0.526442	4.1726	vae	1	3	174930	real	0.338648	2.67902	dae	2	6	229564
real	Epithelial-cells_ENCODE_2	2.8715900000000003	4.218380000000001	vae	1	3	174930	real	-1.7430400000000001	-0.529608	dae	2	6	229564
real	mv-Endothelial-cells_ENCODE_1	-0.0766449	4.32075	vae	1	3	174930	real	-0.136022	3.5850699999999995	dae	2	6	229564
real	CD4+-T-cells_BLUEPRINT_1	-0.242073	4.36954	vae	1	3	174930	real	-0.0211807	2.1482099999999997	dae	2	6	229564
real	Astrocytes_FANTOM_1	3.61715	4.3849599999999995	vae	1	3	174930	real	-3.6773800000000003	3.18055	dae	2	6	229564
real	Fibroblasts_ENCODE_1	1.90281	4.41499	vae	1	3	174930	real	-3.9489199999999998	1.02449	dae	2	6	229564
real	Preadipocytes_ENCODE_3	2.2875799999999997	4.4664	vae	1	3	174930	real	-0.355261	2.5786700000000002	dae	2	6	229564
real	Mast-cells_FANTOM_2	-0.728059	4.77835	vae	1	3	174930	real	-1.6652900000000002	1.55597	dae	2	6	229564
real	mv-Endothelial-cells_ENCODE_2	0.387236	4.9669	vae	1	3	174930	real	-0.214432	3.99535	dae	2	6	229564
real	Myocytes_ENCODE_3	1.1741700000000002	5.24439	vae	1	3	174930	real	-2.49536	4.30889	dae	2	6	229564
real	Smooth-muscle_HPCA_3	2.05024	5.38173	vae	1	3	174930	real	-0.48268999999999995	1.51815	dae	2	6	229564
real	Skeletal-muscle_FANTOM_1	3.41364	5.47328	vae	1	3	174930	real	-27.982	-13.2974	dae	2	6	229564
real	Keratinocytes_ENCODE_3	1.61538	5.6268400000000005	vae	1	3	174930	real	-1.8993799999999998	-1.87143	dae	2	6	229564
real	Sebocytes_FANTOM_2	4.23041	5.74086	vae	1	3	174930	real	-5.6044599999999996	-3.0434900000000003	dae	2	6	229564
real	Epithelial-cells_ENCODE_1	1.39935	5.76006	vae	1	3	174930	real	-0.9680219999999999	-2.66814	dae	2	6	229564
real	Astrocytes_FANTOM_2	2.66328	5.980630000000001	vae	1	3	174930	real	-2.85607	0.806662	dae	2	6	229564
real	Astrocytes_FANTOM_3	3.3281099999999997	6.112830000000001	vae	1	3	174930	real	-3.26666	0.737484	dae	2	6	229564
real	Epithelial-cells_HPCA_1	1.56439	6.50105	vae	1	3	174930	real	-1.12004	-1.74282	dae	2	6	229564
real	Skeletal-muscle_FANTOM_3	3.15687	7.0159199999999995	vae	1	3	174930	real	-27.3695	-15.1665	dae	2	6	229564
real	Epithelial-cells_FANTOM_2	5.72268	7.104089999999999	vae	1	3	174930	real	-3.8153300000000003	-1.45947	dae	2	6	229564
real	Epithelial-cells_HPCA_3	1.7601200000000001	7.10664	vae	1	3	174930	real	-1.26712	-0.754938	dae	2	6	229564
real	Epithelial-cells_FANTOM_3	3.3832800000000005	7.23504	vae	1	3	174930	real	-3.23616	-3.54945	dae	2	6	229564
real	Keratinocytes_HPCA_1	2.74688	7.469760000000001	vae	1	3	174930	real	-3.6083300000000005	-3.9587800000000004	dae	2	6	229564
real	Epithelial-cells_HPCA_2	1.22651	9.765130000000001	vae	1	3	174930	real	-0.95725	-8.43628	dae	2	6	229564
real	Keratinocytes_HPCA_3	7.45383	10.2936	vae	1	3	174930	real	-9.04137	-15.5413	dae	2	6	229564
real	Sebocytes_FANTOM_1	5.35193	10.8825	vae	1	3	174930	real	-6.3859	-5.68229	dae	2	6	229564
real	Keratinocytes_ENCODE_1	4.42325	11.005	vae	1	3	174930	real	-6.0174	-5.3528199999999995	dae	2	6	229564
real	Keratinocytes_HPCA_2	7.58172	13.0267	vae	1	3	174930	real	-9.0969	-2.99725	dae	2	6	229564
real	Sebocytes_FANTOM_3	5.85345	15.4011	vae	1	3	174930	real	-6.774589999999999	-8.28532	dae	2	6	229564
real	Keratinocytes_FANTOM_3	10.2021	16.9522	vae	1	3	174930	real	-12.509	-4.78034	dae	2	6	229564
real	Keratinocytes_FANTOM_2	9.94716	19.0618	vae	1	3	174930	real	-12.0661	-5.64248	dae	2	6	229564
real	Keratinocytes_FANTOM_1	11.4918	20.5617	vae	1	3	174930	real	-14.562999999999999	-3.3563400000000003	dae	2	6	229564
