algorithm	seed	model_type	geneset_coverage	level_3	abs_top_z_score	dataset	z_dim	signal	geneset_name
dae	322528	real	0.19576719576719576	110	31.1104	tcga	40	signal	gpc6
dae	418917	real	0.19047619047619047	141	25.0592	tcga	40	signal	gpc6
dae	469675	real	0.2275132275132275	42	50.5764	tcga	40	signal	gpc6
dae	527376	real	0.21693121693121692	343	37.6635	tcga	40	signal	gpc6
dae	538086	real	0.20634920634920634	244	29.08	tcga	40	signal	gpc6
dae	620645	real	0.21693121693121692	335	44.2754	tcga	40	signal	gpc6
dae	639345	real	0.20634920634920634	96	25.857	tcga	40	signal	gpc6
dae	662250	real	0.21693121693121692	117	27.2184	tcga	40	signal	gpc6
dae	814470	real	0.14814814814814814	388	29.2223	tcga	40	signal	gpc6
dae	848795	real	0.21693121693121692	159	26.5984	tcga	40	signal	gpc6
ica	322528	real	0.2751322751322751	590	34.0322	tcga	40	signal	gpc6
ica	418917	real	0.2804232804232804	611	34.1367	tcga	40	signal	gpc6
ica	469675	real	0.2804232804232804	552	34.0553	tcga	40	signal	gpc6
ica	527376	real	0.2804232804232804	543	33.6797	tcga	40	signal	gpc6
ica	538086	real	0.2857142857142857	504	33.7837	tcga	40	signal	gpc6
ica	620645	real	0.2751322751322751	775	33.3053	tcga	40	signal	gpc6
ica	639345	real	0.2804232804232804	516	32.8544	tcga	40	signal	gpc6
ica	662250	real	0.2751322751322751	487	31.5598	tcga	40	signal	gpc6
ica	814470	real	0.2751322751322751	678	33.9312	tcga	40	signal	gpc6
ica	848795	real	0.2804232804232804	609	33.9744	tcga	40	signal	gpc6
nmf	322528	real	0.31216931216931215	990	55.1627	tcga	40	signal	gpc6
nmf	418917	real	0.30158730158730157	1031	67.9359	tcga	40	signal	gpc6
nmf	469675	real	0.30158730158730157	1152	63.3761	tcga	40	signal	gpc6
nmf	527376	real	0.2962962962962963	1033	51.4029	tcga	40	signal	gpc6
nmf	538086	real	0.2962962962962963	924	52.513000000000005	tcga	40	signal	gpc6
nmf	620645	real	0.30158730158730157	995	56.9501	tcga	40	signal	gpc6
nmf	639345	real	0.291005291005291	1036	64.3021	tcga	40	signal	gpc6
nmf	662250	real	0.2962962962962963	1037	57.0909	tcga	40	signal	gpc6
nmf	814470	real	0.2962962962962963	1158	64.4337	tcga	40	signal	gpc6
nmf	848795	real	0.30158730158730157	1039	66.0495	tcga	40	signal	gpc6
pca	322528	real	0.291005291005291	1200	31.6713	tcga	40	signal	gpc6
pca	418917	real	0.2857142857142857	1201	31.6713	tcga	40	signal	gpc6
pca	469675	real	0.2962962962962963	1202	31.6713	tcga	40	signal	gpc6
pca	527376	real	0.2857142857142857	1203	31.6713	tcga	40	signal	gpc6
pca	538086	real	0.291005291005291	1204	31.6713	tcga	40	signal	gpc6
pca	620645	real	0.291005291005291	1205	31.6713	tcga	40	signal	gpc6
pca	639345	real	0.291005291005291	1206	31.6713	tcga	40	signal	gpc6
pca	662250	real	0.2804232804232804	1207	31.6713	tcga	40	signal	gpc6
pca	814470	real	0.2962962962962963	1208	31.6713	tcga	40	signal	gpc6
pca	848795	real	0.2804232804232804	1209	31.6713	tcga	40	signal	gpc6
vae	322528	real	0.2962962962962963	1870	27.6065	tcga	40	signal	gpc6
vae	418917	real	0.30158730158730157	1631	30.8223	tcga	40	signal	gpc6
vae	469675	real	0.2962962962962963	1692	38.4149	tcga	40	signal	gpc6
vae	527376	real	0.2857142857142857	1753	56.3745	tcga	40	signal	gpc6
vae	538086	real	0.2804232804232804	1844	33.1151	tcga	40	signal	gpc6
vae	620645	real	0.2751322751322751	1675	36.9627	tcga	40	signal	gpc6
vae	639345	real	0.2857142857142857	1936	53.7995	tcga	40	signal	gpc6
vae	662250	real	0.291005291005291	1667	39.4793	tcga	40	signal	gpc6
vae	814470	real	0.2751322751322751	1978	27.1321	tcga	40	signal	gpc6
vae	848795	real	0.2804232804232804	1609	32.9633	tcga	40	signal	gpc6
dae	21601	real	0.31746031746031744	170	45.2876	tcga	90	signal	gpc6
dae	85250	real	0.3544973544973545	681	40.2511	tcga	90	signal	gpc6
dae	139484	real	0.3439153439153439	842	29.0676	tcga	90	signal	gpc6
dae	184896	real	0.3439153439153439	433	52.3352	tcga	90	signal	gpc6
dae	332369	real	0.3862433862433862	864	50.8934	tcga	90	signal	gpc6
dae	359448	real	0.37037037037037035	225	40.9788	tcga	90	signal	gpc6
dae	372884	real	0.4021164021164021	286	47.2045	tcga	90	signal	gpc6
dae	488159	real	0.3915343915343915	557	64.2034	tcga	90	signal	gpc6
dae	515192	real	0.3544973544973545	888	36.4817	tcga	90	signal	gpc6
dae	890823	real	0.35978835978835977	389	56.4881	tcga	90	signal	gpc6
ica	21601	real	0.5396825396825397	1570	78.725	tcga	90	signal	gpc6
ica	85250	real	0.582010582010582	1491	93.9497	tcga	90	signal	gpc6
ica	139484	real	0.5661375661375662	1662	76.2642	tcga	90	signal	gpc6
ica	184896	real	0.5661375661375662	1363	87.5347	tcga	90	signal	gpc6
ica	332369	real	0.5396825396825397	994	79.6965	tcga	90	signal	gpc6
ica	359448	real	0.5555555555555556	1715	78.1611	tcga	90	signal	gpc6
ica	372884	real	0.5502645502645502	1006	85.1133	tcga	90	signal	gpc6
ica	488159	real	0.5661375661375662	987	65.5941	tcga	90	signal	gpc6
ica	515192	real	0.544973544973545	1498	71.6796	tcga	90	signal	gpc6
ica	890823	real	0.5714285714285714	1349	77.2815	tcga	90	signal	gpc6
nmf	21601	real	0.4708994708994709	1810	85.8094	tcga	90	signal	gpc6
nmf	85250	real	0.5079365079365079	2321	74.3837	tcga	90	signal	gpc6
nmf	139484	real	0.49206349206349204	2152	66.8833	tcga	90	signal	gpc6
nmf	184896	real	0.5026455026455027	2103	58.2004	tcga	90	signal	gpc6
nmf	332369	real	0.4497354497354497	2324	71.1873	tcga	90	signal	gpc6
nmf	359448	real	0.48148148148148145	2325	97.9019	tcga	90	signal	gpc6
nmf	372884	real	0.5343915343915344	2106	65.8235	tcga	90	signal	gpc6
nmf	488159	real	0.48677248677248675	1817	71.7074	tcga	90	signal	gpc6
nmf	515192	real	0.49206349206349204	2388	55.1677	tcga	90	signal	gpc6
nmf	890823	real	0.455026455026455	1819	61.0834	tcga	90	signal	gpc6
pca	21601	real	0.5026455026455027	2700	31.6713	tcga	90	signal	gpc6
pca	85250	real	0.5026455026455027	2701	31.6713	tcga	90	signal	gpc6
pca	139484	real	0.5079365079365079	3492	37.0098	tcga	90	signal	gpc6
pca	184896	real	0.5079365079365079	3493	69.5894	tcga	90	signal	gpc6
pca	332369	real	0.48677248677248675	3574	33.8704	tcga	90	signal	gpc6
pca	359448	real	0.5079365079365079	3495	65.15	tcga	90	signal	gpc6
pca	372884	real	0.5132275132275133	3496	89.4112	tcga	90	signal	gpc6
pca	488159	real	0.5079365079365079	2707	31.6713	tcga	90	signal	gpc6
pca	515192	real	0.48677248677248675	2708	31.6713	tcga	90	signal	gpc6
pca	890823	real	0.5026455026455027	2709	31.6713	tcga	90	signal	gpc6
vae	21601	real	0.48677248677248675	4250	37.8431	tcga	90	signal	gpc6
vae	85250	real	0.455026455026455	4251	47.1787	tcga	90	signal	gpc6
vae	139484	real	0.455026455026455	4252	29.1006	tcga	90	signal	gpc6
vae	184896	real	0.48148148148148145	3973	27.02	tcga	90	signal	gpc6
vae	332369	real	0.47619047619047616	4294	28.9591	tcga	90	signal	gpc6
vae	359448	real	0.4708994708994709	4285	39.537	tcga	90	signal	gpc6
vae	372884	real	0.42328042328042326	3836	89.4958	tcga	90	signal	gpc6
vae	488159	real	0.43386243386243384	4477	34.047	tcga	90	signal	gpc6
vae	515192	real	0.4708994708994709	3718	51.953	tcga	90	signal	gpc6
vae	890823	real	0.4708994708994709	4199	29.4281	tcga	90	signal	gpc6
dae	96046	real	0.037037037037037035	10	23.0069	tcga	6	signal	gpc6
dae	220247	real	0.042328042328042326	16	27.494	tcga	6	signal	gpc6
dae	471836	real	0.021164021164021163	27	35.5117	tcga	6	signal	gpc6
dae	687266	real	0.021164021164021163	8	33.2328	tcga	6	signal	gpc6
dae	845138	real	0.037037037037037035	19	27.2063	tcga	6	signal	gpc6
ica	96046	real	0.06349206349206349	45	33.8225	tcga	6	signal	gpc6
ica	220247	real	0.06349206349206349	31	34.0323	tcga	6	signal	gpc6
ica	471836	real	0.06349206349206349	37	34.0582	tcga	6	signal	gpc6
ica	687266	real	0.06349206349206349	48	33.9792	tcga	6	signal	gpc6
ica	845138	real	0.06349206349206349	49	33.9362	tcga	6	signal	gpc6
nmf	96046	real	0.0582010582010582	70	39.7386	tcga	6	signal	gpc6
nmf	220247	real	0.0582010582010582	71	39.7397	tcga	6	signal	gpc6
nmf	471836	real	0.0582010582010582	72	39.74	tcga	6	signal	gpc6
nmf	687266	real	0.0582010582010582	73	39.7396	tcga	6	signal	gpc6
nmf	845138	real	0.0582010582010582	74	39.7388	tcga	6	signal	gpc6
pca	96046	real	0.0582010582010582	90	31.6713	tcga	6	signal	gpc6
pca	220247	real	0.0582010582010582	91	31.6713	tcga	6	signal	gpc6
pca	471836	real	0.0582010582010582	92	31.6713	tcga	6	signal	gpc6
pca	687266	real	0.0582010582010582	93	31.6713	tcga	6	signal	gpc6
pca	845138	real	0.0582010582010582	94	31.6713	tcga	6	signal	gpc6
vae	96046	real	0.042328042328042326	135	40.2718	tcga	6	signal	gpc6
vae	220247	real	0.042328042328042326	126	19.4971	tcga	6	signal	gpc6
vae	471836	real	0.047619047619047616	142	37.6814	tcga	6	signal	gpc6
vae	687266	real	0.0582010582010582	138	27.9812	tcga	6	signal	gpc6
vae	845138	real	0.0582010582010582	139	22.0987	tcga	6	signal	gpc6
dae	1334	real	0.047619047619047616	20	28.3994	tcga	14	signal	gpc6
dae	122593	real	0.06349206349206349	11	45.4116	tcga	14	signal	gpc6
dae	361715	real	0.037037037037037035	22	36.7118	tcga	14	signal	gpc6
dae	369373	real	0.037037037037037035	73	39.2131	tcga	14	signal	gpc6
dae	412277	real	0.06349206349206349	114	43.5736	tcga	14	signal	gpc6
dae	423674	real	0.06349206349206349	65	36.1879	tcga	14	signal	gpc6
dae	508159	real	0.042328042328042326	66	36.2662	tcga	14	signal	gpc6
dae	537458	real	0.07407407407407407	137	48.3168	tcga	14	signal	gpc6
dae	645849	real	0.037037037037037035	88	22.4214	tcga	14	signal	gpc6
dae	884017	real	0.08465608465608465	129	34.2083	tcga	14	signal	gpc6
ica	1334	real	0.12698412698412698	260	28.3711	tcga	14	signal	gpc6
ica	122593	real	0.12698412698412698	151	28.4196	tcga	14	signal	gpc6
ica	361715	real	0.13227513227513227	242	28.4194	tcga	14	signal	gpc6
ica	369373	real	0.13756613756613756	173	28.5077	tcga	14	signal	gpc6
ica	412277	real	0.13756613756613756	274	28.4628	tcga	14	signal	gpc6
ica	423674	real	0.13227513227513227	185	28.428	tcga	14	signal	gpc6
ica	508159	real	0.13756613756613756	196	28.4536	tcga	14	signal	gpc6
ica	537458	real	0.13227513227513227	227	28.455	tcga	14	signal	gpc6
ica	645849	real	0.13756613756613756	258	28.5188	tcga	14	signal	gpc6
ica	884017	real	0.13227513227513227	259	28.3875	tcga	14	signal	gpc6
nmf	1334	real	0.13227513227513227	280	43.3767	tcga	14	signal	gpc6
nmf	122593	real	0.13227513227513227	281	43.3784	tcga	14	signal	gpc6
nmf	361715	real	0.13227513227513227	282	43.3837	tcga	14	signal	gpc6
nmf	369373	real	0.13227513227513227	283	43.3792	tcga	14	signal	gpc6
nmf	412277	real	0.13227513227513227	284	43.6396	tcga	14	signal	gpc6
nmf	423674	real	0.13227513227513227	285	43.3909	tcga	14	signal	gpc6
nmf	508159	real	0.13227513227513227	286	43.3832	tcga	14	signal	gpc6
nmf	537458	real	0.13227513227513227	287	43.3863	tcga	14	signal	gpc6
nmf	645849	real	0.13227513227513227	288	43.3827	tcga	14	signal	gpc6
nmf	884017	real	0.13227513227513227	289	43.3738	tcga	14	signal	gpc6
pca	1334	real	0.12698412698412698	420	31.6713	tcga	14	signal	gpc6
pca	122593	real	0.12698412698412698	421	31.6713	tcga	14	signal	gpc6
pca	361715	real	0.12698412698412698	422	31.6713	tcga	14	signal	gpc6
pca	369373	real	0.12698412698412698	423	31.6713	tcga	14	signal	gpc6
pca	412277	real	0.12698412698412698	424	31.6713	tcga	14	signal	gpc6
pca	423674	real	0.12698412698412698	425	31.6713	tcga	14	signal	gpc6
pca	508159	real	0.12698412698412698	426	31.6713	tcga	14	signal	gpc6
pca	537458	real	0.12698412698412698	427	31.6713	tcga	14	signal	gpc6
pca	645849	real	0.12698412698412698	428	31.6713	tcga	14	signal	gpc6
pca	884017	real	0.12698412698412698	429	31.6713	tcga	14	signal	gpc6
vae	1334	real	0.12698412698412698	690	29.7827	tcga	14	signal	gpc6
vae	122593	real	0.13227513227513227	661	25.6917	tcga	14	signal	gpc6
vae	361715	real	0.12698412698412698	572	34.6294	tcga	14	signal	gpc6
vae	369373	real	0.12169312169312169	693	25.3743	tcga	14	signal	gpc6
vae	412277	real	0.10582010582010581	624	27.2346	tcga	14	signal	gpc6
vae	423674	real	0.1164021164021164	655	18.3008	tcga	14	signal	gpc6
vae	508159	real	0.12169312169312169	626	25.3146	tcga	14	signal	gpc6
vae	537458	real	0.12698412698412698	637	28.8585	tcga	14	signal	gpc6
vae	645849	real	0.1164021164021164	668	20.4875	tcga	14	signal	gpc6
vae	884017	real	0.12698412698412698	649	59.6624	tcga	14	signal	gpc6
dae	112403	real	0.1164021164021164	220	27.6203	tcga	35	signal	gpc6
dae	230388	real	0.14814814814814814	91	44.5577	tcga	35	signal	gpc6
dae	285463	real	0.10582010582010581	82	22.2266	tcga	35	signal	gpc6
dae	390129	real	0.1164021164021164	243	28.2263	tcga	35	signal	gpc6
dae	417568	real	0.164021164021164	84	40.7715	tcga	35	signal	gpc6
dae	492187	real	0.1111111111111111	85	40.108000000000004	tcga	35	signal	gpc6
dae	829725	real	0.13227513227513227	156	23.3194	tcga	35	signal	gpc6
dae	879879	real	0.1164021164021164	57	27.7477	tcga	35	signal	gpc6
dae	974789	real	0.08465608465608465	58	32.754	tcga	35	signal	gpc6
dae	980838	real	0.15343915343915343	59	24.7523	tcga	35	signal	gpc6
ica	112403	real	0.25396825396825395	450	45.8321	tcga	35	signal	gpc6
ica	230388	real	0.25925925925925924	421	38.3651	tcga	35	signal	gpc6
ica	285463	real	0.24867724867724866	592	32.8198	tcga	35	signal	gpc6
ica	390129	real	0.26455026455026454	473	32.664	tcga	35	signal	gpc6
ica	417568	real	0.25925925925925924	524	27.7612	tcga	35	signal	gpc6
ica	492187	real	0.26455026455026454	595	35.8047	tcga	35	signal	gpc6
ica	829725	real	0.25925925925925924	406	33.7212	tcga	35	signal	gpc6
ica	879879	real	0.2698412698412698	577	32.5244	tcga	35	signal	gpc6
ica	974789	real	0.25396825396825395	598	39.9971	tcga	35	signal	gpc6
ica	980838	real	0.25925925925925924	669	38.281	tcga	35	signal	gpc6
nmf	112403	real	0.25925925925925924	890	82.7121	tcga	35	signal	gpc6
nmf	230388	real	0.2698412698412698	891	68.2246	tcga	35	signal	gpc6
nmf	285463	real	0.25925925925925924	892	82.4763	tcga	35	signal	gpc6
nmf	390129	real	0.25925925925925924	893	76.6755	tcga	35	signal	gpc6
nmf	417568	real	0.25925925925925924	894	67.4439	tcga	35	signal	gpc6
nmf	492187	real	0.25925925925925924	895	80.0514	tcga	35	signal	gpc6
nmf	829725	real	0.26455026455026454	896	78.4013	tcga	35	signal	gpc6
nmf	879879	real	0.26455026455026454	897	80.1883	tcga	35	signal	gpc6
nmf	974789	real	0.2698412698412698	898	69.7622	tcga	35	signal	gpc6
nmf	980838	real	0.25925925925925924	899	84.7592	tcga	35	signal	gpc6
pca	112403	real	0.26455026455026454	1050	31.6713	tcga	35	signal	gpc6
pca	230388	real	0.26455026455026454	1051	31.6713	tcga	35	signal	gpc6
pca	285463	real	0.26455026455026454	1052	31.6713	tcga	35	signal	gpc6
pca	390129	real	0.25925925925925924	1053	31.6713	tcga	35	signal	gpc6
pca	417568	real	0.25925925925925924	1054	31.6713	tcga	35	signal	gpc6
pca	492187	real	0.25925925925925924	1055	31.6713	tcga	35	signal	gpc6
pca	829725	real	0.26455026455026454	1056	31.6713	tcga	35	signal	gpc6
pca	879879	real	0.26455026455026454	1057	31.6713	tcga	35	signal	gpc6
pca	974789	real	0.25925925925925924	1058	31.6713	tcga	35	signal	gpc6
pca	980838	real	0.26455026455026454	1059	31.6713	tcga	35	signal	gpc6
vae	112403	real	0.25396825396825395	1550	89.4377	tcga	35	signal	gpc6
vae	230388	real	0.24338624338624337	1511	22.698	tcga	35	signal	gpc6
vae	285463	real	0.23809523809523808	1592	27.5853	tcga	35	signal	gpc6
vae	390129	real	0.26455026455026454	1733	41.5747	tcga	35	signal	gpc6
vae	417568	real	0.25396825396825395	1484	24.6875	tcga	35	signal	gpc6
vae	492187	real	0.26455026455026454	1425	27.8098	tcga	35	signal	gpc6
vae	829725	real	0.25925925925925924	1546	26.3928	tcga	35	signal	gpc6
vae	879879	real	0.2698412698412698	1447	31.2648	tcga	35	signal	gpc6
vae	974789	real	0.24338624338624337	1628	26.8461	tcga	35	signal	gpc6
vae	980838	real	0.2751322751322751	1679	30.0106	tcga	35	signal	gpc6
dae	127763	real	0.06349206349206349	15	35.6043	tcga	9	signal	gpc6
dae	234449	real	0.047619047619047616	36	48.3937	tcga	9	signal	gpc6
dae	373827	real	0.037037037037037035	42	38.0129	tcga	9	signal	gpc6
dae	591920	real	0.05291005291005291	38	61.2615	tcga	9	signal	gpc6
dae	992226	real	0.037037037037037035	19	44.9031	tcga	9	signal	gpc6
ica	127763	real	0.09523809523809523	85	21.3866	tcga	9	signal	gpc6
ica	234449	real	0.09523809523809523	61	29.5278	tcga	9	signal	gpc6
ica	373827	real	0.09523809523809523	72	22.8772	tcga	9	signal	gpc6
ica	591920	real	0.09523809523809523	48	21.2917	tcga	9	signal	gpc6
ica	992226	real	0.09523809523809523	54	21.3648	tcga	9	signal	gpc6
nmf	127763	real	0.07936507936507936	100	53.4782	tcga	9	signal	gpc6
nmf	234449	real	0.07936507936507936	101	53.4823	tcga	9	signal	gpc6
nmf	373827	real	0.07936507936507936	102	53.4856	tcga	9	signal	gpc6
nmf	591920	real	0.07936507936507936	103	53.474	tcga	9	signal	gpc6
nmf	992226	real	0.07936507936507936	104	53.4784	tcga	9	signal	gpc6
pca	127763	real	0.07936507936507936	135	31.6713	tcga	9	signal	gpc6
pca	234449	real	0.07936507936507936	136	31.6713	tcga	9	signal	gpc6
pca	373827	real	0.07936507936507936	137	31.6713	tcga	9	signal	gpc6
pca	591920	real	0.07936507936507936	138	31.6713	tcga	9	signal	gpc6
pca	992226	real	0.07936507936507936	139	31.6713	tcga	9	signal	gpc6
vae	127763	real	0.07407407407407407	190	49.6907	tcga	9	signal	gpc6
vae	234449	real	0.07407407407407407	206	20.3217	tcga	9	signal	gpc6
vae	373827	real	0.07936507936507936	182	54.1384	tcga	9	signal	gpc6
vae	591920	real	0.07407407407407407	188	31.338	tcga	9	signal	gpc6
vae	992226	real	0.07936507936507936	199	32.4236	tcga	9	signal	gpc6
dae	207574	real	0.455026455026455	636	46.2537	tcga	150	signal	gpc6
dae	254403	real	0.5185185185185185	535	57.3616	tcga	150	signal	gpc6
dae	427081	real	0.4656084656084656	776	45.9621	tcga	150	signal	gpc6
dae	529391	real	0.5185185185185185	435	48.5192	tcga	150	signal	gpc6
dae	683678	real	0.5661375661375662	862	44.975	tcga	150	signal	gpc6
dae	819179	real	0.5608465608465608	863	39.3361	tcga	150	signal	gpc6
ica	207574	real	0.7407407407407407	1098	37.9034	tcga	150	signal	gpc6
ica	254403	real	0.6931216931216931	1237	33.5729	tcga	150	signal	gpc6
ica	427081	real	0.6984126984126984	956	47.1288	tcga	150	signal	gpc6
ica	529391	real	0.7407407407407407	1209	39.8016	tcga	150	signal	gpc6
ica	683678	real	0.6984126984126984	1192	54.2734	tcga	150	signal	gpc6
ica	819179	real	0.7195767195767195	953	53.4157	tcga	150	signal	gpc6
nmf	207574	real	0.6296296296296297	2112	134.414	tcga	150	signal	gpc6
nmf	254403	real	0.6137566137566137	2563	56.4282	tcga	150	signal	gpc6
nmf	427081	real	0.6507936507936508	2114	83.5576	tcga	150	signal	gpc6
nmf	529391	real	0.6507936507936508	2115	76.9617	tcga	150	signal	gpc6
nmf	683678	real	0.6507936507936508	2500	66.0498	tcga	150	signal	gpc6
nmf	819179	real	0.6507936507936508	2285	94.3618	tcga	150	signal	gpc6
pca	207574	real	0.6296296296296297	3174	48.695	tcga	150	signal	gpc6
pca	254403	real	0.6190476190476191	3175	49.1525	tcga	150	signal	gpc6
pca	427081	real	0.6243386243386243	3176	48.8749	tcga	150	signal	gpc6
pca	529391	real	0.6137566137566137	3177	49.1865	tcga	150	signal	gpc6
pca	683678	real	0.6507936507936508	3178	49.2736	tcga	150	signal	gpc6
pca	819179	real	0.6349206349206349	3179	48.8998	tcga	150	signal	gpc6
vae	207574	real	0.5714285714285714	3960	49.1228	tcga	150	signal	gpc6
vae	254403	real	0.5714285714285714	4309	48.3301	tcga	150	signal	gpc6
vae	427081	real	0.5767195767195767	3896	83.9705	tcga	150	signal	gpc6
vae	529391	real	0.5396825396825397	3699	34.7739	tcga	150	signal	gpc6
vae	683678	real	0.5555555555555556	3784	53.4889	tcga	150	signal	gpc6
vae	819179	real	0.5555555555555556	4349	45.5409	tcga	150	signal	gpc6
dae	87129	real	0.07936507936507936	60	23.8252	tcga	12	signal	gpc6
dae	307127	real	0.042328042328042326	111	29.3607	tcga	12	signal	gpc6
dae	317066	real	0.06349206349206349	52	41.107	tcga	12	signal	gpc6
dae	409894	real	0.026455026455026454	63	30.2656	tcga	12	signal	gpc6
dae	549597	real	0.037037037037037035	84	39.7063	tcga	12	signal	gpc6
dae	667989	real	0.031746031746031744	5	29.8137	tcga	12	signal	gpc6
dae	768359	real	0.037037037037037035	26	39.872	tcga	12	signal	gpc6
dae	769685	real	0.0582010582010582	37	47.3192	tcga	12	signal	gpc6
dae	780636	real	0.037037037037037035	88	38.7893	tcga	12	signal	gpc6
dae	815030	real	0.047619047619047616	19	29.5478	tcga	12	signal	gpc6
ica	87129	real	0.1164021164021164	230	30.3546	tcga	12	signal	gpc6
ica	307127	real	0.1164021164021164	121	30.4313	tcga	12	signal	gpc6
ica	317066	real	0.1164021164021164	172	30.3795	tcga	12	signal	gpc6
ica	409894	real	0.1164021164021164	183	30.4973	tcga	12	signal	gpc6
ica	549597	real	0.1164021164021164	194	31.3423	tcga	12	signal	gpc6
ica	667989	real	0.1164021164021164	165	30.5967	tcga	12	signal	gpc6
ica	768359	real	0.1164021164021164	146	31.2512	tcga	12	signal	gpc6
ica	769685	real	0.1164021164021164	157	31.3533	tcga	12	signal	gpc6
ica	780636	real	0.1164021164021164	178	31.3458	tcga	12	signal	gpc6
ica	815030	real	0.1164021164021164	199	30.8683	tcga	12	signal	gpc6
nmf	87129	real	0.10052910052910052	260	88.411	tcga	12	signal	gpc6
nmf	307127	real	0.10052910052910052	261	88.4052	tcga	12	signal	gpc6
nmf	317066	real	0.10582010582010581	262	88.4576	tcga	12	signal	gpc6
nmf	409894	real	0.10052910052910052	263	88.3778	tcga	12	signal	gpc6
nmf	549597	real	0.10052910052910052	264	88.4226	tcga	12	signal	gpc6
nmf	667989	real	0.10052910052910052	265	88.402	tcga	12	signal	gpc6
nmf	768359	real	0.10052910052910052	266	88.3754	tcga	12	signal	gpc6
nmf	769685	real	0.10582010582010581	267	88.4475	tcga	12	signal	gpc6
nmf	780636	real	0.10052910052910052	268	88.3729	tcga	12	signal	gpc6
nmf	815030	real	0.10052910052910052	269	88.3893	tcga	12	signal	gpc6
pca	87129	real	0.10582010582010581	360	31.6713	tcga	12	signal	gpc6
pca	307127	real	0.10582010582010581	361	31.6713	tcga	12	signal	gpc6
pca	317066	real	0.10582010582010581	362	31.6713	tcga	12	signal	gpc6
pca	409894	real	0.10582010582010581	363	31.6713	tcga	12	signal	gpc6
pca	549597	real	0.10582010582010581	364	31.6713	tcga	12	signal	gpc6
pca	667989	real	0.10582010582010581	365	31.6713	tcga	12	signal	gpc6
pca	768359	real	0.10582010582010581	366	31.6713	tcga	12	signal	gpc6
pca	769685	real	0.10582010582010581	367	31.6713	tcga	12	signal	gpc6
pca	780636	real	0.10582010582010581	368	31.6713	tcga	12	signal	gpc6
pca	815030	real	0.10582010582010581	369	31.6713	tcga	12	signal	gpc6
vae	87129	real	0.1164021164021164	550	23.193	tcga	12	signal	gpc6
vae	307127	real	0.1164021164021164	521	23.7841	tcga	12	signal	gpc6
vae	317066	real	0.1111111111111111	592	37.3361	tcga	12	signal	gpc6
vae	409894	real	0.1111111111111111	553	30.0798	tcga	12	signal	gpc6
vae	549597	real	0.10052910052910052	534	27.6545	tcga	12	signal	gpc6
vae	667989	real	0.1111111111111111	555	40.9657	tcga	12	signal	gpc6
vae	768359	real	0.1164021164021164	486	29.318	tcga	12	signal	gpc6
vae	769685	real	0.10582010582010581	547	39.695	tcga	12	signal	gpc6
vae	780636	real	0.1164021164021164	568	30.5965	tcga	12	signal	gpc6
vae	815030	real	0.1164021164021164	529	33.8538	tcga	12	signal	gpc6
dae	291359	real	0.010582010582010581	5	19.0199	tcga	2	signal	gpc6
dae	313363	real	0.021164021164021163	6	33.2069	tcga	2	signal	gpc6
dae	630060	real	0.010582010582010581	7	18.2686	tcga	2	signal	gpc6
dae	693066	real	0.021164021164021163	8	18.4375	tcga	2	signal	gpc6
dae	713701	real	0.021164021164021163	9	18.2661	tcga	2	signal	gpc6
ica	291359	real	0.021164021164021163	10	43.0731	tcga	2	signal	gpc6
ica	313363	real	0.021164021164021163	16	42.2149	tcga	2	signal	gpc6
ica	630060	real	0.021164021164021163	12	42.9075	tcga	2	signal	gpc6
ica	693066	real	0.021164021164021163	13	42.8739	tcga	2	signal	gpc6
ica	713701	real	0.021164021164021163	14	42.7667	tcga	2	signal	gpc6
nmf	291359	real	0.021164021164021163	20	21.0418	tcga	2	signal	gpc6
nmf	313363	real	0.021164021164021163	21	21.0418	tcga	2	signal	gpc6
nmf	630060	real	0.021164021164021163	22	21.0418	tcga	2	signal	gpc6
nmf	693066	real	0.021164021164021163	23	21.0418	tcga	2	signal	gpc6
nmf	713701	real	0.021164021164021163	24	21.0418	tcga	2	signal	gpc6
pca	291359	real	0.021164021164021163	30	31.6713	tcga	2	signal	gpc6
pca	313363	real	0.021164021164021163	31	31.6713	tcga	2	signal	gpc6
pca	630060	real	0.021164021164021163	32	31.6713	tcga	2	signal	gpc6
pca	693066	real	0.021164021164021163	33	31.6713	tcga	2	signal	gpc6
pca	713701	real	0.021164021164021163	34	31.6713	tcga	2	signal	gpc6
vae	291359	real	0.015873015873015872	45	48.618	tcga	2	signal	gpc6
vae	313363	real	0.015873015873015872	46	43.4439	tcga	2	signal	gpc6
vae	630060	real	0.015873015873015872	47	40.3075	tcga	2	signal	gpc6
vae	693066	real	0.015873015873015872	43	49.0582	tcga	2	signal	gpc6
vae	713701	real	0.015873015873015872	49	41.5248	tcga	2	signal	gpc6
dae	92657	real	0.042328042328042326	25	25.6648	tcga	10	signal	gpc6
dae	110819	real	0.031746031746031744	21	30.2971	tcga	10	signal	gpc6
dae	261142	real	0.042328042328042326	7	25.5049	tcga	10	signal	gpc6
dae	573389	real	0.031746031746031744	18	32.297	tcga	10	signal	gpc6
dae	904824	real	0.031746031746031744	49	35.3148	tcga	10	signal	gpc6
ica	92657	real	0.10582010582010581	60	24.8443	tcga	10	signal	gpc6
ica	110819	real	0.10582010582010581	66	24.846	tcga	10	signal	gpc6
ica	261142	real	0.10582010582010581	57	24.084	tcga	10	signal	gpc6
ica	573389	real	0.10582010582010581	93	16.4989	tcga	10	signal	gpc6
ica	904824	real	0.10052910052910052	64	23.5747	tcga	10	signal	gpc6
nmf	92657	real	0.10052910052910052	110	106.314	tcga	10	signal	gpc6
nmf	110819	real	0.10052910052910052	111	106.29	tcga	10	signal	gpc6
nmf	261142	real	0.10052910052910052	112	106.3	tcga	10	signal	gpc6
nmf	573389	real	0.10052910052910052	113	106.31	tcga	10	signal	gpc6
nmf	904824	real	0.10052910052910052	114	106.305	tcga	10	signal	gpc6
pca	92657	real	0.08994708994708994	150	31.6713	tcga	10	signal	gpc6
pca	110819	real	0.08994708994708994	151	31.6713	tcga	10	signal	gpc6
pca	261142	real	0.08994708994708994	152	31.6713	tcga	10	signal	gpc6
pca	573389	real	0.08994708994708994	153	31.6713	tcga	10	signal	gpc6
pca	904824	real	0.08994708994708994	154	31.6713	tcga	10	signal	gpc6
vae	92657	real	0.09523809523809523	225	22.3195	tcga	10	signal	gpc6
vae	110819	real	0.10052910052910052	201	30.9412	tcga	10	signal	gpc6
vae	261142	real	0.07936507936507936	217	24.2262	tcga	10	signal	gpc6
vae	573389	real	0.08994708994708994	248	127.416	tcga	10	signal	gpc6
vae	904824	real	0.09523809523809523	229	19.9845	tcga	10	signal	gpc6
dae	198578	real	0.021164021164021163	20	30.8196	tcga	5	signal	gpc6
dae	226922	real	0.031746031746031744	11	41.1855	tcga	5	signal	gpc6
dae	465519	real	0.015873015873015872	7	18.4943	tcga	5	signal	gpc6
dae	905670	real	0.037037037037037035	18	28.7516	tcga	5	signal	gpc6
dae	940341	real	0.026455026455026454	19	36.251	tcga	5	signal	gpc6
ica	198578	real	0.05291005291005291	25	33.088	tcga	5	signal	gpc6
ica	226922	real	0.05291005291005291	26	33.0149	tcga	5	signal	gpc6
ica	465519	real	0.05291005291005291	42	33.0194	tcga	5	signal	gpc6
ica	905670	real	0.05291005291005291	33	33.1871	tcga	5	signal	gpc6
ica	940341	real	0.05291005291005291	39	33.013000000000005	tcga	5	signal	gpc6
nmf	198578	real	0.05291005291005291	60	38.7436	tcga	5	signal	gpc6
nmf	226922	real	0.05291005291005291	61	38.7436	tcga	5	signal	gpc6
nmf	465519	real	0.05291005291005291	62	38.7445	tcga	5	signal	gpc6
nmf	905670	real	0.05291005291005291	63	38.7431	tcga	5	signal	gpc6
nmf	940341	real	0.05291005291005291	64	38.7437	tcga	5	signal	gpc6
pca	198578	real	0.047619047619047616	75	31.6713	tcga	5	signal	gpc6
pca	226922	real	0.047619047619047616	76	31.6713	tcga	5	signal	gpc6
pca	465519	real	0.047619047619047616	77	31.6713	tcga	5	signal	gpc6
pca	905670	real	0.047619047619047616	78	31.6713	tcga	5	signal	gpc6
pca	940341	real	0.047619047619047616	79	31.6713	tcga	5	signal	gpc6
vae	198578	real	0.042328042328042326	110	37.6101	tcga	5	signal	gpc6
vae	226922	real	0.042328042328042326	111	33.7601	tcga	5	signal	gpc6
vae	465519	real	0.042328042328042326	107	29.9747	tcga	5	signal	gpc6
vae	905670	real	0.037037037037037035	108	20.8941	tcga	5	signal	gpc6
vae	940341	real	0.042328042328042326	104	36.4751	tcga	5	signal	gpc6
dae	53059	real	0.47619047619047616	730	60.4453	tcga	100	signal	gpc6
dae	141020	real	0.43386243386243384	221	39.9896	tcga	100	signal	gpc6
dae	141965	real	0.35978835978835977	272	40.6573	tcga	100	signal	gpc6
dae	347353	real	0.3968253968253968	883	35.8878	tcga	100	signal	gpc6
dae	420016	real	0.37037037037037035	14	33.7218	tcga	100	signal	gpc6
dae	536409	real	0.3862433862433862	25	43.8937	tcga	100	signal	gpc6
dae	685495	real	0.35978835978835977	676	51.3062	tcga	100	signal	gpc6
dae	798522	real	0.37566137566137564	67	35.699	tcga	100	signal	gpc6
dae	861208	real	0.38095238095238093	278	26.7093	tcga	100	signal	gpc6
dae	956763	real	0.42857142857142855	839	45.2707	tcga	100	signal	gpc6
ica	53059	real	0.582010582010582	1600	41.3482	tcga	100	signal	gpc6
ica	141020	real	0.6031746031746031	1721	34.1442	tcga	100	signal	gpc6
ica	141965	real	0.5873015873015873	1502	36.3504	tcga	100	signal	gpc6
ica	347353	real	0.5608465608465608	1063	35.0841	tcga	100	signal	gpc6
ica	420016	real	0.5767195767195767	1094	35.5062	tcga	100	signal	gpc6
ica	536409	real	0.5767195767195767	1885	39.2736	tcga	100	signal	gpc6
ica	685495	real	0.5767195767195767	1866	36.9602	tcga	100	signal	gpc6
ica	798522	real	0.5925925925925926	1407	37.0327	tcga	100	signal	gpc6
ica	861208	real	0.582010582010582	1418	34.1919	tcga	100	signal	gpc6
ica	956763	real	0.5767195767195767	1479	36.4555	tcga	100	signal	gpc6
nmf	53059	real	0.5238095238095238	2960	91.3008	tcga	100	signal	gpc6
nmf	141020	real	0.5026455026455027	2521	88.9318	tcga	100	signal	gpc6
nmf	141965	real	0.48677248677248675	2112	60.3237	tcga	100	signal	gpc6
nmf	347353	real	0.5079365079365079	2973	116.86	tcga	100	signal	gpc6
nmf	420016	real	0.5079365079365079	2354	64.1574	tcga	100	signal	gpc6
nmf	536409	real	0.4973544973544973	2845	65.2316	tcga	100	signal	gpc6
nmf	685495	real	0.5396825396825397	2506	57.7985	tcga	100	signal	gpc6
nmf	798522	real	0.5079365079365079	2017	73.913	tcga	100	signal	gpc6
nmf	861208	real	0.5132275132275133	2018	61.4636	tcga	100	signal	gpc6
nmf	956763	real	0.5079365079365079	2989	62.1841	tcga	100	signal	gpc6
pca	53059	real	0.5396825396825397	3000	31.6713	tcga	100	signal	gpc6
pca	141020	real	0.5238095238095238	3791	43.8531	tcga	100	signal	gpc6
pca	141965	real	0.5396825396825397	3922	59.4687	tcga	100	signal	gpc6
pca	347353	real	0.5132275132275133	3793	56.2135	tcga	100	signal	gpc6
pca	420016	real	0.5079365079365079	3864	160.543	tcga	100	signal	gpc6
pca	536409	real	0.5132275132275133	3795	53.873000000000005	tcga	100	signal	gpc6
pca	685495	real	0.5343915343915344	3796	33.0358	tcga	100	signal	gpc6
pca	798522	real	0.5396825396825397	3797	46.5065	tcga	100	signal	gpc6
pca	861208	real	0.5079365079365079	3798	45.38399999999999	tcga	100	signal	gpc6
pca	956763	real	0.5291005291005291	3009	31.6713	tcga	100	signal	gpc6
vae	53059	real	0.4603174603174603	4140	106.764	tcga	100	signal	gpc6
vae	141020	real	0.5132275132275133	4281	33.7395	tcga	100	signal	gpc6
vae	141965	real	0.4973544973544973	4702	47.4848	tcga	100	signal	gpc6
vae	347353	real	0.43915343915343913	4213	42.9466	tcga	100	signal	gpc6
vae	420016	real	0.5291005291005291	4404	34.3997	tcga	100	signal	gpc6
vae	536409	real	0.5185185185185185	4595	49.0721	tcga	100	signal	gpc6
vae	685495	real	0.544973544973545	4856	41.5849	tcga	100	signal	gpc6
vae	798522	real	0.5238095238095238	4317	46.6268	tcga	100	signal	gpc6
vae	861208	real	0.48677248677248675	4548	39.7983	tcga	100	signal	gpc6
vae	956763	real	0.5185185185185185	4069	50.8247	tcga	100	signal	gpc6
dae	49347	real	0.05291005291005291	10	30.2942	tcga	16	signal	gpc6
dae	156790	real	0.037037037037037035	151	24.7444	tcga	16	signal	gpc6
dae	334071	real	0.07407407407407407	52	36.7129	tcga	16	signal	gpc6
dae	710172	real	0.047619047619047616	3	29.5655	tcga	16	signal	gpc6
dae	757437	real	0.05291005291005291	4	24.2835	tcga	16	signal	gpc6
dae	829693	real	0.07936507936507936	115	29.0138	tcga	16	signal	gpc6
dae	838042	real	0.05291005291005291	36	28.2724	tcga	16	signal	gpc6
dae	844377	real	0.06349206349206349	47	37.4056	tcga	16	signal	gpc6
dae	870663	real	0.06349206349206349	128	48.5145	tcga	16	signal	gpc6
dae	876203	real	0.042328042328042326	139	23.358	tcga	16	signal	gpc6
ica	49347	real	0.14814814814814814	290	28.1228	tcga	16	signal	gpc6
ica	156790	real	0.15343915343915343	171	28.4631	tcga	16	signal	gpc6
ica	334071	real	0.15343915343915343	262	28.3764	tcga	16	signal	gpc6
ica	710172	real	0.15343915343915343	263	28.4658	tcga	16	signal	gpc6
ica	757437	real	0.15343915343915343	214	28.5372	tcga	16	signal	gpc6
ica	829693	real	0.15343915343915343	275	28.4293	tcga	16	signal	gpc6
ica	838042	real	0.15343915343915343	186	28.6096	tcga	16	signal	gpc6
ica	844377	real	0.15343915343915343	197	28.6189	tcga	16	signal	gpc6
ica	870663	real	0.15343915343915343	168	28.5347	tcga	16	signal	gpc6
ica	876203	real	0.15343915343915343	179	28.4399	tcga	16	signal	gpc6
nmf	49347	real	0.13756613756613756	330	39.39	tcga	16	signal	gpc6
nmf	156790	real	0.13756613756613756	331	39.3847	tcga	16	signal	gpc6
nmf	334071	real	0.13756613756613756	332	39.3829	tcga	16	signal	gpc6
nmf	710172	real	0.13756613756613756	333	39.3866	tcga	16	signal	gpc6
nmf	757437	real	0.13756613756613756	334	39.385	tcga	16	signal	gpc6
nmf	829693	real	0.13756613756613756	335	39.3824	tcga	16	signal	gpc6
nmf	838042	real	0.13756613756613756	336	39.3861	tcga	16	signal	gpc6
nmf	844377	real	0.13756613756613756	337	39.3834	tcga	16	signal	gpc6
nmf	870663	real	0.13756613756613756	338	39.3863	tcga	16	signal	gpc6
nmf	876203	real	0.13756613756613756	339	39.3893	tcga	16	signal	gpc6
pca	49347	real	0.14285714285714285	480	31.6713	tcga	16	signal	gpc6
pca	156790	real	0.14814814814814814	481	31.6713	tcga	16	signal	gpc6
pca	334071	real	0.14285714285714285	482	31.6713	tcga	16	signal	gpc6
pca	710172	real	0.14814814814814814	483	31.6713	tcga	16	signal	gpc6
pca	757437	real	0.14814814814814814	484	31.6713	tcga	16	signal	gpc6
pca	829693	real	0.14814814814814814	485	31.6713	tcga	16	signal	gpc6
pca	838042	real	0.14814814814814814	486	31.6713	tcga	16	signal	gpc6
pca	844377	real	0.14814814814814814	487	31.6713	tcga	16	signal	gpc6
pca	870663	real	0.14814814814814814	488	31.6713	tcga	16	signal	gpc6
pca	876203	real	0.14814814814814814	489	31.6713	tcga	16	signal	gpc6
vae	49347	real	0.15343915343915343	740	34.168	tcga	16	signal	gpc6
vae	156790	real	0.14814814814814814	721	55.3362	tcga	16	signal	gpc6
vae	334071	real	0.13756613756613756	722	36.1191	tcga	16	signal	gpc6
vae	710172	real	0.12698412698412698	783	38.3436	tcga	16	signal	gpc6
vae	757437	real	0.13756613756613756	764	42.0948	tcga	16	signal	gpc6
vae	829693	real	0.12169312169312169	765	99.4717	tcga	16	signal	gpc6
vae	838042	real	0.15343915343915343	736	58.22	tcga	16	signal	gpc6
vae	844377	real	0.14285714285714285	717	32.7945	tcga	16	signal	gpc6
vae	870663	real	0.13227513227513227	688	112.14200000000001	tcga	16	signal	gpc6
vae	876203	real	0.14814814814814814	759	32.8237	tcga	16	signal	gpc6
dae	16635	real	0.026455026455026454	5	35.3683	tcga	3	signal	gpc6
dae	323472	real	0.021164021164021163	1	34.1935	tcga	3	signal	gpc6
dae	367644	real	0.015873015873015872	7	18.1223	tcga	3	signal	gpc6
dae	719912	real	0.026455026455026454	8	40.5589	tcga	3	signal	gpc6
dae	869161	real	0.015873015873015872	4	18.8019	tcga	3	signal	gpc6
ica	16635	real	0.031746031746031744	20	25.7114	tcga	3	signal	gpc6
ica	323472	real	0.031746031746031744	16	25.9242	tcga	3	signal	gpc6
ica	367644	real	0.031746031746031744	27	25.9294	tcga	3	signal	gpc6
ica	719912	real	0.031746031746031744	28	25.7139	tcga	3	signal	gpc6
ica	869161	real	0.031746031746031744	24	25.7757	tcga	3	signal	gpc6
nmf	16635	real	0.031746031746031744	40	40.7345	tcga	3	signal	gpc6
nmf	323472	real	0.031746031746031744	41	40.7346	tcga	3	signal	gpc6
nmf	367644	real	0.031746031746031744	42	40.7345	tcga	3	signal	gpc6
nmf	719912	real	0.031746031746031744	43	40.7344	tcga	3	signal	gpc6
nmf	869161	real	0.031746031746031744	44	40.7345	tcga	3	signal	gpc6
pca	16635	real	0.031746031746031744	45	31.6713	tcga	3	signal	gpc6
pca	323472	real	0.031746031746031744	46	31.6713	tcga	3	signal	gpc6
pca	367644	real	0.031746031746031744	47	31.6713	tcga	3	signal	gpc6
pca	719912	real	0.031746031746031744	48	31.6713	tcga	3	signal	gpc6
pca	869161	real	0.031746031746031744	49	31.6713	tcga	3	signal	gpc6
vae	16635	real	0.026455026455026454	60	55.3906	tcga	3	signal	gpc6
vae	323472	real	0.026455026455026454	66	47.65	tcga	3	signal	gpc6
vae	367644	real	0.026455026455026454	62	68.6727	tcga	3	signal	gpc6
vae	719912	real	0.026455026455026454	68	45.43899999999999	tcga	3	signal	gpc6
vae	869161	real	0.026455026455026454	64	47.193000000000005	tcga	3	signal	gpc6
dae	124809	real	0.08994708994708994	160	148.446	tcga	18	signal	gpc6
dae	154613	real	0.07936507936507936	41	29.9412	tcga	18	signal	gpc6
dae	377653	real	0.10052910052910052	82	32.2031	tcga	18	signal	gpc6
dae	442908	real	0.08465608465608465	83	22.5866	tcga	18	signal	gpc6
dae	452005	real	0.037037037037037035	104	26.8733	tcga	18	signal	gpc6
dae	612680	real	0.047619047619047616	35	29.8909	tcga	18	signal	gpc6
dae	709139	real	0.037037037037037035	106	31.0235	tcga	18	signal	gpc6
dae	767735	real	0.06878306878306878	7	35.4163	tcga	18	signal	gpc6
dae	810546	real	0.0582010582010582	78	35.3923	tcga	18	signal	gpc6
dae	815693	real	0.07936507936507936	39	17.7554	tcga	18	signal	gpc6
ica	124809	real	0.14814814814814814	320	60.6954	tcga	18	signal	gpc6
ica	154613	real	0.14814814814814814	311	59.8699	tcga	18	signal	gpc6
ica	377653	real	0.14285714285714285	252	60.1422	tcga	18	signal	gpc6
ica	442908	real	0.14285714285714285	283	59.5346	tcga	18	signal	gpc6
ica	452005	real	0.14814814814814814	274	60.3723	tcga	18	signal	gpc6
ica	612680	real	0.14285714285714285	315	60.6742	tcga	18	signal	gpc6
ica	709139	real	0.14814814814814814	286	60.4192	tcga	18	signal	gpc6
ica	767735	real	0.14285714285714285	247	61.0794	tcga	18	signal	gpc6
ica	810546	real	0.14814814814814814	288	61.2799	tcga	18	signal	gpc6
ica	815693	real	0.14814814814814814	329	59.8785	tcga	18	signal	gpc6
nmf	124809	real	0.1746031746031746	360	43.6207	tcga	18	signal	gpc6
nmf	154613	real	0.1746031746031746	361	43.3875	tcga	18	signal	gpc6
nmf	377653	real	0.1746031746031746	362	43.5505	tcga	18	signal	gpc6
nmf	442908	real	0.1746031746031746	363	43.8419	tcga	18	signal	gpc6
nmf	452005	real	0.1746031746031746	364	43.7362	tcga	18	signal	gpc6
nmf	612680	real	0.1746031746031746	365	43.7986	tcga	18	signal	gpc6
nmf	709139	real	0.1746031746031746	366	43.7709	tcga	18	signal	gpc6
nmf	767735	real	0.1746031746031746	367	43.6254	tcga	18	signal	gpc6
nmf	810546	real	0.1746031746031746	368	43.6085	tcga	18	signal	gpc6
nmf	815693	real	0.1746031746031746	369	43.7632	tcga	18	signal	gpc6
pca	124809	real	0.15873015873015872	540	31.6713	tcga	18	signal	gpc6
pca	154613	real	0.15873015873015872	541	31.6713	tcga	18	signal	gpc6
pca	377653	real	0.15873015873015872	542	31.6713	tcga	18	signal	gpc6
pca	442908	real	0.15873015873015872	543	31.6713	tcga	18	signal	gpc6
pca	452005	real	0.15873015873015872	544	31.6713	tcga	18	signal	gpc6
pca	612680	real	0.15873015873015872	545	31.6713	tcga	18	signal	gpc6
pca	709139	real	0.15873015873015872	546	31.6713	tcga	18	signal	gpc6
pca	767735	real	0.15873015873015872	547	31.6713	tcga	18	signal	gpc6
pca	810546	real	0.15873015873015872	548	31.6713	tcga	18	signal	gpc6
pca	815693	real	0.15873015873015872	549	31.6713	tcga	18	signal	gpc6
vae	124809	real	0.164021164021164	770	30.1375	tcga	18	signal	gpc6
vae	154613	real	0.14814814814814814	781	24.1776	tcga	18	signal	gpc6
vae	377653	real	0.164021164021164	812	25.0209	tcga	18	signal	gpc6
vae	442908	real	0.14285714285714285	773	21.7842	tcga	18	signal	gpc6
vae	452005	real	0.164021164021164	774	40.4387	tcga	18	signal	gpc6
vae	612680	real	0.15343915343915343	765	31.8617	tcga	18	signal	gpc6
vae	709139	real	0.15873015873015872	896	31.1553	tcga	18	signal	gpc6
vae	767735	real	0.164021164021164	797	37.4689	tcga	18	signal	gpc6
vae	810546	real	0.164021164021164	848	30.5796	tcga	18	signal	gpc6
vae	815693	real	0.13756613756613756	839	22.2934	tcga	18	signal	gpc6
dae	107830	real	0.2698412698412698	180	26.1806	tcga	50	signal	gpc6
dae	162062	real	0.30158730158730157	481	27.0146	tcga	50	signal	gpc6
dae	203120	real	0.291005291005291	182	42.3784	tcga	50	signal	gpc6
dae	212187	real	0.19576719576719576	113	47.3563	tcga	50	signal	gpc6
dae	375824	real	0.2275132275132275	404	25.8061	tcga	50	signal	gpc6
dae	400973	real	0.24867724867724866	365	27.0289	tcga	50	signal	gpc6
dae	490025	real	0.20105820105820105	416	28.7361	tcga	50	signal	gpc6
dae	633542	real	0.2275132275132275	107	38.5047	tcga	50	signal	gpc6
dae	752852	real	0.24867724867724866	258	35.6452	tcga	50	signal	gpc6
dae	766289	real	0.24338624338624337	19	31.0969	tcga	50	signal	gpc6
ica	107830	real	0.35978835978835977	990	36.5601	tcga	50	signal	gpc6
ica	162062	real	0.3492063492063492	761	47.0697	tcga	50	signal	gpc6
ica	203120	real	0.3439153439153439	762	36.2995	tcga	50	signal	gpc6
ica	212187	real	0.37566137566137564	543	40.1752	tcga	50	signal	gpc6
ica	375824	real	0.328042328042328	794	30.3138	tcga	50	signal	gpc6
ica	400973	real	0.36507936507936506	555	78.0657	tcga	50	signal	gpc6
ica	490025	real	0.35978835978835977	956	28.1219	tcga	50	signal	gpc6
ica	633542	real	0.3333333333333333	757	27.5809	tcga	50	signal	gpc6
ica	752852	real	0.35978835978835977	718	24.7761	tcga	50	signal	gpc6
ica	766289	real	0.37037037037037035	659	28.6991	tcga	50	signal	gpc6
nmf	107830	real	0.37566137566137564	1080	97.4698	tcga	50	signal	gpc6
nmf	162062	real	0.36507936507936506	1351	70.6809	tcga	50	signal	gpc6
nmf	203120	real	0.35978835978835977	1472	79.5716	tcga	50	signal	gpc6
nmf	212187	real	0.36507936507936506	1353	79.4555	tcga	50	signal	gpc6
nmf	375824	real	0.3333333333333333	1044	65.9099	tcga	50	signal	gpc6
nmf	400973	real	0.3492063492063492	1005	65.2895	tcga	50	signal	gpc6
nmf	490025	real	0.3544973544973545	1236	68.8521	tcga	50	signal	gpc6
nmf	633542	real	0.3386243386243386	1007	89.8087	tcga	50	signal	gpc6
nmf	752852	real	0.3439153439153439	1478	73.898	tcga	50	signal	gpc6
nmf	766289	real	0.3386243386243386	1009	76.079	tcga	50	signal	gpc6
pca	107830	real	0.3439153439153439	1970	33.317	tcga	50	signal	gpc6
pca	162062	real	0.3492063492063492	1501	31.6713	tcga	50	signal	gpc6
pca	203120	real	0.3439153439153439	1972	35.2591	tcga	50	signal	gpc6
pca	212187	real	0.3439153439153439	1503	31.6713	tcga	50	signal	gpc6
pca	375824	real	0.3492063492063492	1504	31.6713	tcga	50	signal	gpc6
pca	400973	real	0.3544973544973545	1505	31.6713	tcga	50	signal	gpc6
pca	490025	real	0.3386243386243386	1886	32.0578	tcga	50	signal	gpc6
pca	633542	real	0.3544973544973545	1507	31.6713	tcga	50	signal	gpc6
pca	752852	real	0.35978835978835977	1508	31.6713	tcga	50	signal	gpc6
pca	766289	real	0.3439153439153439	1509	31.6713	tcga	50	signal	gpc6
vae	107830	real	0.30687830687830686	2490	31.7227	tcga	50	signal	gpc6
vae	162062	real	0.31746031746031744	2121	31.264	tcga	50	signal	gpc6
vae	203120	real	0.3439153439153439	2142	39.5805	tcga	50	signal	gpc6
vae	212187	real	0.3333333333333333	2083	56.6718	tcga	50	signal	gpc6
vae	375824	real	0.328042328042328	2084	46.8427	tcga	50	signal	gpc6
vae	400973	real	0.3544973544973545	2135	31.6841	tcga	50	signal	gpc6
vae	490025	real	0.3386243386243386	2286	54.7216	tcga	50	signal	gpc6
vae	633542	real	0.32275132275132273	2047	38.7881	tcga	50	signal	gpc6
vae	752852	real	0.328042328042328	2078	46.2734	tcga	50	signal	gpc6
vae	766289	real	0.3492063492063492	2379	38.7785	tcga	50	signal	gpc6
dae	11933	real	0.10582010582010581	20	24.0333	tcga	30	signal	gpc6
dae	18545	real	0.09523809523809523	91	37.0487	tcga	30	signal	gpc6
dae	105479	real	0.10052910052910052	132	22.2639	tcga	30	signal	gpc6
dae	227526	real	0.14814814814814814	273	40.3194	tcga	30	signal	gpc6
dae	308097	real	0.10052910052910052	164	20.2164	tcga	30	signal	gpc6
dae	338984	real	0.1164021164021164	45	28.752	tcga	30	signal	gpc6
dae	392675	real	0.1111111111111111	6	20.3074	tcga	30	signal	gpc6
dae	716493	real	0.1164021164021164	77	34.4365	tcga	30	signal	gpc6
dae	843820	real	0.1164021164021164	8	24.6021	tcga	30	signal	gpc6
dae	980599	real	0.12169312169312169	189	32.5908	tcga	30	signal	gpc6
ica	11933	real	0.2275132275132275	340	27.4694	tcga	30	signal	gpc6
ica	18545	real	0.23809523809523808	501	24.3057	tcga	30	signal	gpc6
ica	105479	real	0.23809523809523808	392	22.2363	tcga	30	signal	gpc6
ica	227526	real	0.2328042328042328	443	28.8698	tcga	30	signal	gpc6
ica	308097	real	0.2275132275132275	514	24.7622	tcga	30	signal	gpc6
ica	338984	real	0.2328042328042328	335	25.7802	tcga	30	signal	gpc6
ica	392675	real	0.23809523809523808	546	24.0921	tcga	30	signal	gpc6
ica	716493	real	0.24338624338624337	347	24.2923	tcga	30	signal	gpc6
ica	843820	real	0.2275132275132275	308	24.3216	tcga	30	signal	gpc6
ica	980599	real	0.2275132275132275	549	25.1951	tcga	30	signal	gpc6
nmf	11933	real	0.23809523809523808	790	64.9713	tcga	30	signal	gpc6
nmf	18545	real	0.23809523809523808	791	66.6655	tcga	30	signal	gpc6
nmf	105479	real	0.2328042328042328	792	66.5474	tcga	30	signal	gpc6
nmf	227526	real	0.23809523809523808	793	65.575	tcga	30	signal	gpc6
nmf	308097	real	0.23809523809523808	794	67.5483	tcga	30	signal	gpc6
nmf	338984	real	0.2328042328042328	795	68.2111	tcga	30	signal	gpc6
nmf	392675	real	0.23809523809523808	796	66.7402	tcga	30	signal	gpc6
nmf	716493	real	0.2275132275132275	797	73.8301	tcga	30	signal	gpc6
nmf	843820	real	0.24338624338624337	798	65.514	tcga	30	signal	gpc6
nmf	980599	real	0.23809523809523808	799	69.2629	tcga	30	signal	gpc6
pca	11933	real	0.24338624338624337	900	31.6713	tcga	30	signal	gpc6
pca	18545	real	0.23809523809523808	901	31.6713	tcga	30	signal	gpc6
pca	105479	real	0.2328042328042328	902	31.6713	tcga	30	signal	gpc6
pca	227526	real	0.24338624338624337	903	31.6713	tcga	30	signal	gpc6
pca	308097	real	0.23809523809523808	904	31.6713	tcga	30	signal	gpc6
pca	338984	real	0.2328042328042328	905	31.6713	tcga	30	signal	gpc6
pca	392675	real	0.23809523809523808	906	31.6713	tcga	30	signal	gpc6
pca	716493	real	0.2328042328042328	907	31.6713	tcga	30	signal	gpc6
pca	843820	real	0.24338624338624337	908	31.6713	tcga	30	signal	gpc6
pca	980599	real	0.24338624338624337	909	31.6713	tcga	30	signal	gpc6
vae	11933	real	0.2328042328042328	1230	57.303000000000004	tcga	30	signal	gpc6
vae	18545	real	0.24338624338624337	1291	75.9722	tcga	30	signal	gpc6
vae	105479	real	0.23809523809523808	1402	35.7586	tcga	30	signal	gpc6
vae	227526	real	0.2222222222222222	1233	33.818000000000005	tcga	30	signal	gpc6
vae	308097	real	0.2328042328042328	1404	34.0311	tcga	30	signal	gpc6
vae	338984	real	0.20634920634920634	1425	39.9629	tcga	30	signal	gpc6
vae	392675	real	0.24338624338624337	1216	23.7433	tcga	30	signal	gpc6
vae	716493	real	0.23809523809523808	1217	29.3601	tcga	30	signal	gpc6
vae	843820	real	0.2751322751322751	1288	37.2458	tcga	30	signal	gpc6
vae	980599	real	0.25396825396825395	1279	50.11600000000001	tcga	30	signal	gpc6
dae	358769	real	0.026455026455026454	0	31.3981	tcga	7	signal	gpc6
dae	452040	real	0.015873015873015872	11	19.7777	tcga	7	signal	gpc6
dae	846348	real	0.026455026455026454	32	30.5213	tcga	7	signal	gpc6
dae	916263	real	0.031746031746031744	33	36.7038	tcga	7	signal	gpc6
dae	975745	real	0.037037037037037035	34	36.7946	tcga	7	signal	gpc6
ica	358769	real	0.06878306878306878	55	77.5744	tcga	7	signal	gpc6
ica	452040	real	0.06349206349206349	36	49.9033	tcga	7	signal	gpc6
ica	846348	real	0.06878306878306878	52	63.5396	tcga	7	signal	gpc6
ica	916263	real	0.06878306878306878	43	62.9104	tcga	7	signal	gpc6
ica	975745	real	0.06878306878306878	39	60.333999999999996	tcga	7	signal	gpc6
nmf	358769	real	0.0582010582010582	80	44.7124	tcga	7	signal	gpc6
nmf	452040	real	0.0582010582010582	81	44.7127	tcga	7	signal	gpc6
nmf	846348	real	0.0582010582010582	82	44.7124	tcga	7	signal	gpc6
nmf	916263	real	0.0582010582010582	83	44.7122	tcga	7	signal	gpc6
nmf	975745	real	0.0582010582010582	84	44.7125	tcga	7	signal	gpc6
pca	358769	real	0.06349206349206349	105	31.6713	tcga	7	signal	gpc6
pca	452040	real	0.06349206349206349	106	31.6713	tcga	7	signal	gpc6
pca	846348	real	0.06349206349206349	107	31.6713	tcga	7	signal	gpc6
pca	916263	real	0.06349206349206349	108	31.6713	tcga	7	signal	gpc6
pca	975745	real	0.06349206349206349	109	31.6713	tcga	7	signal	gpc6
vae	358769	real	0.0582010582010582	145	35.5871	tcga	7	signal	gpc6
vae	452040	real	0.05291005291005291	141	43.0069	tcga	7	signal	gpc6
vae	846348	real	0.0582010582010582	167	23.0058	tcga	7	signal	gpc6
vae	916263	real	0.06878306878306878	168	23.8465	tcga	7	signal	gpc6
vae	975745	real	0.06878306878306878	154	35.3974	tcga	7	signal	gpc6
dae	120664	real	0.2222222222222222	460	42.7482	tcga	60	signal	gpc6
dae	177433	real	0.23809523809523808	111	31.9323	tcga	60	signal	gpc6
dae	190310	real	0.30158730158730157	42	33.2556	tcga	60	signal	gpc6
dae	225538	real	0.32275132275132273	413	40.3782	tcga	60	signal	gpc6
dae	255652	real	0.30158730158730157	174	43.7123	tcga	60	signal	gpc6
dae	329841	real	0.2698412698412698	545	30.0585	tcga	60	signal	gpc6
dae	715909	real	0.2804232804232804	396	41.1515	tcga	60	signal	gpc6
dae	758949	real	0.3544973544973545	377	30.694000000000003	tcga	60	signal	gpc6
dae	849949	real	0.3333333333333333	68	29.2655	tcga	60	signal	gpc6
dae	933994	real	0.2751322751322751	39	40.4086	tcga	60	signal	gpc6
ica	120664	real	0.42857142857142855	730	49.338	tcga	60	signal	gpc6
ica	177433	real	0.43386243386243384	1111	49.9543	tcga	60	signal	gpc6
ica	190310	real	0.43915343915343913	612	50.2833	tcga	60	signal	gpc6
ica	225538	real	0.43386243386243384	1043	50.4983	tcga	60	signal	gpc6
ica	255652	real	0.41798941798941797	974	49.42100000000001	tcga	60	signal	gpc6
ica	329841	real	0.41798941798941797	775	48.1533	tcga	60	signal	gpc6
ica	715909	real	0.4126984126984127	1046	47.3057	tcga	60	signal	gpc6
ica	758949	real	0.41798941798941797	1037	49.6072	tcga	60	signal	gpc6
ica	849949	real	0.42328042328042326	1198	49.4619	tcga	60	signal	gpc6
ica	933994	real	0.43915343915343913	1169	50.0151	tcga	60	signal	gpc6
nmf	120664	real	0.37566137566137564	1550	81.3555	tcga	60	signal	gpc6
nmf	177433	real	0.3915343915343915	1551	60.0886	tcga	60	signal	gpc6
nmf	190310	real	0.3862433862433862	1552	62.9615	tcga	60	signal	gpc6
nmf	225538	real	0.4021164021164021	1553	71.6196	tcga	60	signal	gpc6
nmf	255652	real	0.4126984126984127	1554	79.8453	tcga	60	signal	gpc6
nmf	329841	real	0.4074074074074074	1365	231.80700000000002	tcga	60	signal	gpc6
nmf	715909	real	0.3915343915343915	1556	109.68299999999999	tcga	60	signal	gpc6
nmf	758949	real	0.4126984126984127	1437	63.3442	tcga	60	signal	gpc6
nmf	849949	real	0.4074074074074074	1288	82.0382	tcga	60	signal	gpc6
nmf	933994	real	0.42328042328042326	1559	107.522	tcga	60	signal	gpc6
pca	120664	real	0.3915343915343915	1800	31.6713	tcga	60	signal	gpc6
pca	177433	real	0.38095238095238093	2311	60.1855	tcga	60	signal	gpc6
pca	190310	real	0.3862433862433862	1802	31.6713	tcga	60	signal	gpc6
pca	225538	real	0.3968253968253968	1803	31.6713	tcga	60	signal	gpc6
pca	255652	real	0.3968253968253968	1804	31.6713	tcga	60	signal	gpc6
pca	329841	real	0.3915343915343915	2325	53.5059	tcga	60	signal	gpc6
pca	715909	real	0.3915343915343915	1806	31.6713	tcga	60	signal	gpc6
pca	758949	real	0.3968253968253968	1807	31.6713	tcga	60	signal	gpc6
pca	849949	real	0.3862433862433862	1808	31.6713	tcga	60	signal	gpc6
pca	933994	real	0.3862433862433862	1809	31.6713	tcga	60	signal	gpc6
vae	120664	real	0.3968253968253968	2700	31.5911	tcga	60	signal	gpc6
vae	177433	real	0.37566137566137564	2411	34.2082	tcga	60	signal	gpc6
vae	190310	real	0.4021164021164021	2632	55.5772	tcga	60	signal	gpc6
vae	225538	real	0.3968253968253968	2673	35.7175	tcga	60	signal	gpc6
vae	255652	real	0.37566137566137564	2834	27.0091	tcga	60	signal	gpc6
vae	329841	real	0.37037037037037035	2815	28.0468	tcga	60	signal	gpc6
vae	715909	real	0.3915343915343915	2896	53.9821	tcga	60	signal	gpc6
vae	758949	real	0.3862433862433862	2647	58.6945	tcga	60	signal	gpc6
vae	849949	real	0.41798941798941797	2568	42.2817	tcga	60	signal	gpc6
vae	933994	real	0.3492063492063492	2799	49.6909	tcga	60	signal	gpc6
dae	197772	real	0.3439153439153439	360	28.2799	tcga	70	signal	gpc6
dae	444642	real	0.2857142857142857	311	22.151	tcga	70	signal	gpc6
dae	483159	real	0.3386243386243386	92	25.6172	tcga	70	signal	gpc6
dae	493114	real	0.3492063492063492	533	26.9642	tcga	70	signal	gpc6
dae	621541	real	0.3862433862433862	324	22.1338	tcga	70	signal	gpc6
dae	680667	real	0.30687830687830686	155	24.4675	tcga	70	signal	gpc6
dae	727284	real	0.2857142857142857	456	78.1059	tcga	70	signal	gpc6
dae	752543	real	0.3439153439153439	617	25.1685	tcga	70	signal	gpc6
dae	810659	real	0.2962962962962963	418	43.8837	tcga	70	signal	gpc6
dae	825537	real	0.31216931216931215	699	31.1808	tcga	70	signal	gpc6
ica	197772	real	0.4497354497354497	1220	31.4952	tcga	70	signal	gpc6
ica	444642	real	0.49206349206349204	1041	31.8504	tcga	70	signal	gpc6
ica	483159	real	0.49206349206349204	1042	30.9249	tcga	70	signal	gpc6
ica	493114	real	0.455026455026455	1363	30.3651	tcga	70	signal	gpc6
ica	621541	real	0.4656084656084656	1134	31.6722	tcga	70	signal	gpc6
ica	680667	real	0.4603174603174603	1295	33.2612	tcga	70	signal	gpc6
ica	727284	real	0.4656084656084656	766	31.8307	tcga	70	signal	gpc6
ica	752543	real	0.48148148148148145	1047	30.0483	tcga	70	signal	gpc6
ica	810659	real	0.4656084656084656	1318	31.9878	tcga	70	signal	gpc6
ica	825537	real	0.49206349206349204	919	30.4216	tcga	70	signal	gpc6
nmf	197772	real	0.42328042328042326	1480	128.616	tcga	70	signal	gpc6
nmf	444642	real	0.42857142857142855	1751	93.3968	tcga	70	signal	gpc6
nmf	483159	real	0.43386243386243384	1752	104.266	tcga	70	signal	gpc6
nmf	493114	real	0.42328042328042326	1753	129.22899999999998	tcga	70	signal	gpc6
nmf	621541	real	0.4497354497354497	1754	97.6032	tcga	70	signal	gpc6
nmf	680667	real	0.43386243386243384	1485	115.175	tcga	70	signal	gpc6
nmf	727284	real	0.47619047619047616	1716	74.17399999999999	tcga	70	signal	gpc6
nmf	752543	real	0.42857142857142855	1757	153.9	tcga	70	signal	gpc6
nmf	810659	real	0.43386243386243384	1488	74.6966	tcga	70	signal	gpc6
nmf	825537	real	0.4497354497354497	1759	128.975	tcga	70	signal	gpc6
pca	197772	real	0.43386243386243384	2100	31.6713	tcga	70	signal	gpc6
pca	444642	real	0.4444444444444444	2101	31.6713	tcga	70	signal	gpc6
pca	483159	real	0.43915343915343913	2102	31.6713	tcga	70	signal	gpc6
pca	493114	real	0.43386243386243384	2103	31.6713	tcga	70	signal	gpc6
pca	621541	real	0.455026455026455	2104	31.6713	tcga	70	signal	gpc6
pca	680667	real	0.4444444444444444	2105	31.6713	tcga	70	signal	gpc6
pca	727284	real	0.42857142857142855	2106	31.6713	tcga	70	signal	gpc6
pca	752543	real	0.43915343915343913	2107	31.6713	tcga	70	signal	gpc6
pca	810659	real	0.4497354497354497	2108	31.6713	tcga	70	signal	gpc6
pca	825537	real	0.43386243386243384	2109	31.6713	tcga	70	signal	gpc6
vae	197772	real	0.3968253968253968	3450	30.5935	tcga	70	signal	gpc6
vae	444642	real	0.4074074074074074	3441	91.0888	tcga	70	signal	gpc6
vae	483159	real	0.3915343915343915	2822	33.9114	tcga	70	signal	gpc6
vae	493114	real	0.37566137566137564	3453	51.1203	tcga	70	signal	gpc6
vae	621541	real	0.4126984126984127	3194	46.3531	tcga	70	signal	gpc6
vae	680667	real	0.4074074074074074	2985	70.3317	tcga	70	signal	gpc6
vae	727284	real	0.4021164021164021	3356	54.6839	tcga	70	signal	gpc6
vae	752543	real	0.4126984126984127	2957	33.4791	tcga	70	signal	gpc6
vae	810659	real	0.4126984126984127	3318	34.7932	tcga	70	signal	gpc6
vae	825537	real	0.4021164021164021	3369	28.6786	tcga	70	signal	gpc6
dae	69267	real	0.1111111111111111	80	71.47	tcga	25	signal	gpc6
dae	196462	real	0.13756613756613756	201	32.547	tcga	25	signal	gpc6
dae	209624	real	0.07936507936507936	92	62.0639	tcga	25	signal	gpc6
dae	213364	real	0.10582010582010581	93	43.2763	tcga	25	signal	gpc6
dae	337116	real	0.07936507936507936	124	45.0854	tcga	25	signal	gpc6
dae	397257	real	0.0582010582010582	105	55.5489	tcga	25	signal	gpc6
dae	413199	real	0.12698412698412698	176	25.5508	tcga	25	signal	gpc6
dae	688841	real	0.10582010582010581	127	17.8011	tcga	25	signal	gpc6
dae	922690	real	0.1111111111111111	178	32.6258	tcga	25	signal	gpc6
dae	930681	real	0.10582010582010581	39	23.7977	tcga	25	signal	gpc6
ica	69267	real	0.21693121693121692	420	24.3149	tcga	25	signal	gpc6
ica	196462	real	0.21164021164021163	261	24.4288	tcga	25	signal	gpc6
ica	209624	real	0.21693121693121692	302	23.9435	tcga	25	signal	gpc6
ica	213364	real	0.21164021164021163	313	24.1714	tcga	25	signal	gpc6
ica	337116	real	0.21693121693121692	314	24.3362	tcga	25	signal	gpc6
ica	397257	real	0.20634920634920634	315	24.631999999999998	tcga	25	signal	gpc6
ica	413199	real	0.21693121693121692	376	23.9973	tcga	25	signal	gpc6
ica	688841	real	0.21693121693121692	387	24.0335	tcga	25	signal	gpc6
ica	922690	real	0.21693121693121692	278	24.5476	tcga	25	signal	gpc6
ica	930681	real	0.2222222222222222	359	24.1869	tcga	25	signal	gpc6
nmf	69267	real	0.2222222222222222	690	52.7844	tcga	25	signal	gpc6
nmf	196462	real	0.2275132275132275	691	52.8218	tcga	25	signal	gpc6
nmf	209624	real	0.2222222222222222	692	52.8039	tcga	25	signal	gpc6
nmf	213364	real	0.2275132275132275	693	52.7995	tcga	25	signal	gpc6
nmf	337116	real	0.2275132275132275	694	52.8338	tcga	25	signal	gpc6
nmf	397257	real	0.2222222222222222	695	52.8298	tcga	25	signal	gpc6
nmf	413199	real	0.2222222222222222	696	52.8256	tcga	25	signal	gpc6
nmf	688841	real	0.2222222222222222	697	52.8691	tcga	25	signal	gpc6
nmf	922690	real	0.2222222222222222	698	52.8035	tcga	25	signal	gpc6
nmf	930681	real	0.2222222222222222	699	52.8692	tcga	25	signal	gpc6
pca	69267	real	0.21164021164021163	750	31.6713	tcga	25	signal	gpc6
pca	196462	real	0.21164021164021163	751	31.6713	tcga	25	signal	gpc6
pca	209624	real	0.21164021164021163	752	31.6713	tcga	25	signal	gpc6
pca	213364	real	0.21164021164021163	753	31.6713	tcga	25	signal	gpc6
pca	337116	real	0.21164021164021163	754	31.6713	tcga	25	signal	gpc6
pca	397257	real	0.21164021164021163	755	31.6713	tcga	25	signal	gpc6
pca	413199	real	0.21164021164021163	756	31.6713	tcga	25	signal	gpc6
pca	688841	real	0.21164021164021163	757	31.6713	tcga	25	signal	gpc6
pca	922690	real	0.21164021164021163	758	31.6713	tcga	25	signal	gpc6
pca	930681	real	0.21164021164021163	759	31.6713	tcga	25	signal	gpc6
vae	69267	real	0.20105820105820105	1140	24.5568	tcga	25	signal	gpc6
vae	196462	real	0.20105820105820105	1141	55.7841	tcga	25	signal	gpc6
vae	209624	real	0.2328042328042328	1132	23.2972	tcga	25	signal	gpc6
vae	213364	real	0.20634920634920634	1123	32.2767	tcga	25	signal	gpc6
vae	337116	real	0.21164021164021163	1034	25.0774	tcga	25	signal	gpc6
vae	397257	real	0.21164021164021163	1235	36.1903	tcga	25	signal	gpc6
vae	413199	real	0.18518518518518517	1216	29.9381	tcga	25	signal	gpc6
vae	688841	real	0.18518518518518517	1217	34.955	tcga	25	signal	gpc6
vae	922690	real	0.18518518518518517	1208	21.8311	tcga	25	signal	gpc6
vae	930681	real	0.21164021164021163	1149	41.6479	tcga	25	signal	gpc6
dae	190848	real	0.015873015873015872	15	18.3364	tcga	4	signal	gpc6
dae	301834	real	0.015873015873015872	1	18.2418	tcga	4	signal	gpc6
dae	315053	real	0.037037037037037035	17	25.3484	tcga	4	signal	gpc6
dae	465083	real	0.015873015873015872	3	18.1814	tcga	4	signal	gpc6
dae	869246	real	0.037037037037037035	19	29.6963	tcga	4	signal	gpc6
ica	190848	real	0.042328042328042326	30	39.5069	tcga	4	signal	gpc6
ica	301834	real	0.042328042328042326	26	39.9871	tcga	4	signal	gpc6
ica	315053	real	0.042328042328042326	27	70.8074	tcga	4	signal	gpc6
ica	465083	real	0.042328042328042326	23	39.376	tcga	4	signal	gpc6
ica	869246	real	0.042328042328042326	39	38.4351	tcga	4	signal	gpc6
nmf	190848	real	0.042328042328042326	50	37.2851	tcga	4	signal	gpc6
nmf	301834	real	0.042328042328042326	51	37.2848	tcga	4	signal	gpc6
nmf	315053	real	0.042328042328042326	52	37.2848	tcga	4	signal	gpc6
nmf	465083	real	0.042328042328042326	53	37.2855	tcga	4	signal	gpc6
nmf	869246	real	0.042328042328042326	54	37.2855	tcga	4	signal	gpc6
pca	190848	real	0.042328042328042326	60	31.6713	tcga	4	signal	gpc6
pca	301834	real	0.042328042328042326	61	31.6713	tcga	4	signal	gpc6
pca	315053	real	0.042328042328042326	62	31.6713	tcga	4	signal	gpc6
pca	465083	real	0.042328042328042326	63	31.6713	tcga	4	signal	gpc6
pca	869246	real	0.042328042328042326	64	31.6713	tcga	4	signal	gpc6
vae	190848	real	0.031746031746031744	85	34.7889	tcga	4	signal	gpc6
vae	301834	real	0.031746031746031744	91	29.7009	tcga	4	signal	gpc6
vae	315053	real	0.031746031746031744	82	30.2326	tcga	4	signal	gpc6
vae	465083	real	0.031746031746031744	93	31.1958	tcga	4	signal	gpc6
vae	869246	real	0.031746031746031744	94	31.8542	tcga	4	signal	gpc6
dae	181545	real	0.047619047619047616	60	33.5233	tcga	20	signal	gpc6
dae	230851	real	0.08465608465608465	11	23.8576	tcga	20	signal	gpc6
dae	659477	real	0.09523809523809523	172	53.8023	tcga	20	signal	gpc6
dae	788742	real	0.07936507936507936	133	68.5969	tcga	20	signal	gpc6
dae	838788	real	0.07407407407407407	194	42.7814	tcga	20	signal	gpc6
dae	901489	real	0.06878306878306878	15	44.2783	tcga	20	signal	gpc6
dae	909181	real	0.08465608465608465	26	71.2288	tcga	20	signal	gpc6
dae	923885	real	0.10582010582010581	17	27.6926	tcga	20	signal	gpc6
dae	927308	real	0.08465608465608465	118	48.9498	tcga	20	signal	gpc6
dae	995293	real	0.07936507936507936	179	81.3459	tcga	20	signal	gpc6
ica	181545	real	0.18518518518518517	260	48.2297	tcga	20	signal	gpc6
ica	230851	real	0.19047619047619047	331	44.5066	tcga	20	signal	gpc6
ica	659477	real	0.1746031746031746	342	46.4938	tcga	20	signal	gpc6
ica	788742	real	0.1693121693121693	323	55.6382	tcga	20	signal	gpc6
ica	838788	real	0.164021164021164	394	53.4644	tcga	20	signal	gpc6
ica	901489	real	0.164021164021164	395	53.6185	tcga	20	signal	gpc6
ica	909181	real	0.19047619047619047	276	46.1589	tcga	20	signal	gpc6
ica	923885	real	0.164021164021164	347	53.301	tcga	20	signal	gpc6
ica	927308	real	0.1746031746031746	268	49.7328	tcga	20	signal	gpc6
ica	995293	real	0.19047619047619047	379	45.5235	tcga	20	signal	gpc6
nmf	181545	real	0.18518518518518517	590	75.6174	tcga	20	signal	gpc6
nmf	230851	real	0.19047619047619047	591	91.8371	tcga	20	signal	gpc6
nmf	659477	real	0.17989417989417988	592	76.7984	tcga	20	signal	gpc6
nmf	788742	real	0.17989417989417988	593	71.8156	tcga	20	signal	gpc6
nmf	838788	real	0.17989417989417988	594	78.4119	tcga	20	signal	gpc6
nmf	901489	real	0.18518518518518517	595	76.6517	tcga	20	signal	gpc6
nmf	909181	real	0.18518518518518517	596	76.0459	tcga	20	signal	gpc6
nmf	923885	real	0.18518518518518517	597	76.1779	tcga	20	signal	gpc6
nmf	927308	real	0.17989417989417988	598	77.0252	tcga	20	signal	gpc6
nmf	995293	real	0.17989417989417988	599	76.96600000000001	tcga	20	signal	gpc6
pca	181545	real	0.164021164021164	600	31.6713	tcga	20	signal	gpc6
pca	230851	real	0.164021164021164	601	31.6713	tcga	20	signal	gpc6
pca	659477	real	0.164021164021164	602	31.6713	tcga	20	signal	gpc6
pca	788742	real	0.164021164021164	603	31.6713	tcga	20	signal	gpc6
pca	838788	real	0.164021164021164	604	31.6713	tcga	20	signal	gpc6
pca	901489	real	0.164021164021164	605	31.6713	tcga	20	signal	gpc6
pca	909181	real	0.164021164021164	606	31.6713	tcga	20	signal	gpc6
pca	923885	real	0.164021164021164	607	31.6713	tcga	20	signal	gpc6
pca	927308	real	0.164021164021164	608	31.6713	tcga	20	signal	gpc6
pca	995293	real	0.164021164021164	609	31.6713	tcga	20	signal	gpc6
vae	181545	real	0.164021164021164	920	21.0289	tcga	20	signal	gpc6
vae	230851	real	0.164021164021164	891	37.0216	tcga	20	signal	gpc6
vae	659477	real	0.1746031746031746	882	90.0686	tcga	20	signal	gpc6
vae	788742	real	0.14814814814814814	913	44.1764	tcga	20	signal	gpc6
vae	838788	real	0.164021164021164	904	19.9419	tcga	20	signal	gpc6
vae	901489	real	0.15873015873015872	965	27.8985	tcga	20	signal	gpc6
vae	909181	real	0.18518518518518517	826	37.105	tcga	20	signal	gpc6
vae	923885	real	0.19576719576719576	987	36.2185	tcga	20	signal	gpc6
vae	927308	real	0.14814814814814814	968	29.6021	tcga	20	signal	gpc6
vae	995293	real	0.19047619047619047	949	43.8905	tcga	20	signal	gpc6
dae	36421	real	0.4656084656084656	20	61.7138	tcga	125	signal	gpc6
dae	115221	real	0.48148148148148145	731	48.5323	tcga	125	signal	gpc6
dae	309911	real	0.4656084656084656	1212	37.5918	tcga	125	signal	gpc6
dae	325059	real	0.43915343915343913	633	28.5462	tcga	125	signal	gpc6
dae	354457	real	0.455026455026455	1014	51.8055	tcga	125	signal	gpc6
dae	361513	real	0.49206349206349204	515	68.832	tcga	125	signal	gpc6
dae	624248	real	0.4603174603174603	946	33.5565	tcga	125	signal	gpc6
dae	659079	real	0.42328042328042326	227	33.9469	tcga	125	signal	gpc6
dae	723756	real	0.3968253968253968	798	52.5469	tcga	125	signal	gpc6
dae	742232	real	0.49206349206349204	1199	32.6699	tcga	125	signal	gpc6
ica	36421	real	0.5925925925925926	2360	52.9882	tcga	125	signal	gpc6
ica	115221	real	0.6190476190476191	1771	51.676	tcga	125	signal	gpc6
ica	309911	real	0.6402116402116402	1822	46.5452	tcga	125	signal	gpc6
ica	325059	real	0.6349206349206349	1483	38.1065	tcga	125	signal	gpc6
ica	354457	real	0.5978835978835979	1374	42.0554	tcga	125	signal	gpc6
ica	361513	real	0.6296296296296297	1685	38.3878	tcga	125	signal	gpc6
ica	624248	real	0.6190476190476191	1416	47.3346	tcga	125	signal	gpc6
ica	659079	real	0.6137566137566137	1757	45.8965	tcga	125	signal	gpc6
ica	723756	real	0.6084656084656085	2438	39.9665	tcga	125	signal	gpc6
ica	742232	real	0.6613756613756614	1629	32.2365	tcga	125	signal	gpc6
nmf	36421	real	0.5873015873015873	3640	88.6998	tcga	125	signal	gpc6
nmf	115221	real	0.582010582010582	3131	53.8397	tcga	125	signal	gpc6
nmf	309911	real	0.5767195767195767	3022	125.38600000000001	tcga	125	signal	gpc6
nmf	325059	real	0.5925925925925926	3303	69.5229	tcga	125	signal	gpc6
nmf	354457	real	0.582010582010582	3024	57.2826	tcga	125	signal	gpc6
nmf	361513	real	0.5925925925925926	3025	70.4362	tcga	125	signal	gpc6
nmf	624248	real	0.6031746031746031	2826	50.8257	tcga	125	signal	gpc6
nmf	659079	real	0.6243386243386243	3027	48.1829	tcga	125	signal	gpc6
nmf	723756	real	0.6137566137566137	3028	155.52	tcga	125	signal	gpc6
nmf	742232	real	0.5978835978835979	3379	48.5755	tcga	125	signal	gpc6
pca	36421	real	0.582010582010582	4540	47.7365	tcga	125	signal	gpc6
pca	115221	real	0.5767195767195767	4541	46.0649	tcga	125	signal	gpc6
pca	309911	real	0.5978835978835979	4542	47.4654	tcga	125	signal	gpc6
pca	325059	real	0.5714285714285714	4543	47.5222	tcga	125	signal	gpc6
pca	354457	real	0.5608465608465608	4544	50.7655	tcga	125	signal	gpc6
pca	361513	real	0.5873015873015873	4545	48.3796	tcga	125	signal	gpc6
pca	624248	real	0.582010582010582	4546	49.8166	tcga	125	signal	gpc6
pca	659079	real	0.582010582010582	4547	51.5349	tcga	125	signal	gpc6
pca	723756	real	0.5608465608465608	4548	49.0629	tcga	125	signal	gpc6
pca	742232	real	0.5925925925925926	4549	49.833999999999996	tcga	125	signal	gpc6
vae	36421	real	0.5079365079365079	6020	35.3059	tcga	125	signal	gpc6
vae	115221	real	0.49206349206349204	5461	51.2418	tcga	125	signal	gpc6
vae	309911	real	0.5079365079365079	5092	62.5441	tcga	125	signal	gpc6
vae	325059	real	0.5026455026455027	5733	123.065	tcga	125	signal	gpc6
vae	354457	real	0.5185185185185185	5384	37.2597	tcga	125	signal	gpc6
vae	361513	real	0.4973544973544973	5745	59.8013	tcga	125	signal	gpc6
vae	624248	real	0.5608465608465608	5236	66.116	tcga	125	signal	gpc6
vae	659079	real	0.5026455026455027	6147	36.4111	tcga	125	signal	gpc6
vae	723756	real	0.48677248677248675	5628	86.9213	tcga	125	signal	gpc6
vae	742232	real	0.5343915343915344	5849	90.7393	tcga	125	signal	gpc6
dae	29532	real	0.30158730158730157	700	37.022	tcga	80	signal	gpc6
dae	39937	real	0.36507936507936506	621	35.8711	tcga	80	signal	gpc6
dae	46592	real	0.3386243386243386	672	35.3361	tcga	80	signal	gpc6
dae	107956	real	0.35978835978835977	403	36.149	tcga	80	signal	gpc6
dae	347860	real	0.3386243386243386	654	30.8682	tcga	80	signal	gpc6
dae	389027	real	0.3492063492063492	755	32.7961	tcga	80	signal	gpc6
dae	619046	real	0.30687830687830686	796	32.7456	tcga	80	signal	gpc6
dae	809318	real	0.37037037037037035	767	31.6036	tcga	80	signal	gpc6
dae	896126	real	0.38095238095238093	228	30.4784	tcga	80	signal	gpc6
dae	902694	real	0.4074074074074074	419	53.2538	tcga	80	signal	gpc6
ica	29532	real	0.4973544973544973	1500	36.1489	tcga	80	signal	gpc6
ica	39937	real	0.5132275132275133	1411	35.3797	tcga	80	signal	gpc6
ica	46592	real	0.5185185185185185	812	36.1299	tcga	80	signal	gpc6
ica	107956	real	0.4973544973544973	843	36.3304	tcga	80	signal	gpc6
ica	347860	real	0.544973544973545	874	35.7876	tcga	80	signal	gpc6
ica	389027	real	0.5343915343915344	1455	36.713	tcga	80	signal	gpc6
ica	619046	real	0.49206349206349204	1446	36.0863	tcga	80	signal	gpc6
ica	809318	real	0.5185185185185185	1567	36.8626	tcga	80	signal	gpc6
ica	896126	real	0.5132275132275133	1218	36.1847	tcga	80	signal	gpc6
ica	902694	real	0.5185185185185185	819	37.3646	tcga	80	signal	gpc6
nmf	29532	real	0.4973544973544973	1900	82.4198	tcga	80	signal	gpc6
nmf	39937	real	0.4656084656084656	2121	67.737	tcga	80	signal	gpc6
nmf	46592	real	0.42857142857142855	2232	63.9344	tcga	80	signal	gpc6
nmf	107956	real	0.48148148148148145	1953	76.5835	tcga	80	signal	gpc6
nmf	347860	real	0.455026455026455	2124	83.0318	tcga	80	signal	gpc6
nmf	389027	real	0.4973544973544973	1905	100.16	tcga	80	signal	gpc6
nmf	619046	real	0.42328042328042326	1956	96.1767	tcga	80	signal	gpc6
nmf	809318	real	0.48148148148148145	1907	83.8065	tcga	80	signal	gpc6
nmf	896126	real	0.4603174603174603	1688	153.582	tcga	80	signal	gpc6
nmf	902694	real	0.4497354497354497	1959	66.4509	tcga	80	signal	gpc6
pca	29532	real	0.4656084656084656	2400	31.6713	tcga	80	signal	gpc6
pca	39937	real	0.4708994708994709	2401	31.6713	tcga	80	signal	gpc6
pca	46592	real	0.4656084656084656	2402	31.6713	tcga	80	signal	gpc6
pca	107956	real	0.4497354497354497	2403	31.6713	tcga	80	signal	gpc6
pca	347860	real	0.48677248677248675	2404	31.6713	tcga	80	signal	gpc6
pca	389027	real	0.4656084656084656	2405	31.6713	tcga	80	signal	gpc6
pca	619046	real	0.48677248677248675	2406	31.6713	tcga	80	signal	gpc6
pca	809318	real	0.4708994708994709	2407	31.6713	tcga	80	signal	gpc6
pca	896126	real	0.4497354497354497	2408	31.6713	tcga	80	signal	gpc6
pca	902694	real	0.4497354497354497	2409	31.6713	tcga	80	signal	gpc6
vae	29532	real	0.43386243386243384	3200	27.3661	tcga	80	signal	gpc6
vae	39937	real	0.43386243386243384	3261	29.4087	tcga	80	signal	gpc6
vae	46592	real	0.4021164021164021	3662	35.5789	tcga	80	signal	gpc6
vae	107956	real	0.43386243386243384	3643	38.3371	tcga	80	signal	gpc6
vae	347860	real	0.41798941798941797	3334	46.6871	tcga	80	signal	gpc6
vae	389027	real	0.47619047619047616	3395	42.3326	tcga	80	signal	gpc6
vae	619046	real	0.43386243386243384	3706	71.3628	tcga	80	signal	gpc6
vae	809318	real	0.41798941798941797	3847	31.7057	tcga	80	signal	gpc6
vae	896126	real	0.4603174603174603	3978	40.1725	tcga	80	signal	gpc6
vae	902694	real	0.4074074074074074	3299	27.7248	tcga	80	signal	gpc6
dae	291047	real	0.5873015873015873	855	50.0723	tcga	200	signal	gpc6
dae	410113	real	0.6243386243386243	186	53.6543	tcga	200	signal	gpc6
dae	467235	real	0.6084656084656085	802	42.2402	tcga	200	signal	gpc6
dae	603168	real	0.6666666666666666	758	41.7375	tcga	200	signal	gpc6
dae	668239	real	0.6137566137566137	269	76.9367	tcga	200	signal	gpc6
ica	291047	real	0.8571428571428571	1925	31.9466	tcga	200	signal	gpc6
ica	410113	real	0.8306878306878307	1336	28.3944	tcga	200	signal	gpc6
ica	467235	real	0.7936507936507936	1637	26.2975	tcga	200	signal	gpc6
ica	603168	real	0.8571428571428571	1483	33.2865	tcga	200	signal	gpc6
ica	668239	real	0.8095238095238095	1009	35.6489	tcga	200	signal	gpc6
nmf	291047	real	0.7407407407407407	2285	inf	tcga	200	signal	gpc6
nmf	410113	real	0.7354497354497355	2991	1742.17	tcga	200	signal	gpc6
nmf	467235	real	0.7619047619047619	2402	130.111	tcga	200	signal	gpc6
nmf	603168	real	0.7301587301587301	2888	inf	tcga	200	signal	gpc6
nmf	668239	real	0.7301587301587301	2964	inf	tcga	200	signal	gpc6
pca	291047	real	0.7248677248677249	3395	49.0161	tcga	200	signal	gpc6
pca	410113	real	0.7301587301587301	3396	49.0344	tcga	200	signal	gpc6
pca	467235	real	0.7301587301587301	3397	49.0405	tcga	200	signal	gpc6
pca	603168	real	0.7407407407407407	3398	49.0256	tcga	200	signal	gpc6
pca	668239	real	0.6878306878306878	3399	49.0427	tcga	200	signal	gpc6
vae	291047	real	0.6137566137566137	4275	94.8874	tcga	200	signal	gpc6
vae	410113	real	0.6507936507936508	4881	59.1336	tcga	200	signal	gpc6
vae	467235	real	0.6507936507936508	4037	36.1037	tcga	200	signal	gpc6
vae	603168	real	0.6455026455026455	4318	28.1037	tcga	200	signal	gpc6
vae	668239	real	0.6931216931216931	4139	53.5112	tcga	200	signal	gpc6
dae	89204	real	0.042328042328042326	30	23.7918	tcga	8	signal	gpc6
dae	222208	real	0.05291005291005291	36	35.1351	tcga	8	signal	gpc6
dae	227186	real	0.026455026455026454	17	37.9068	tcga	8	signal	gpc6
dae	549752	real	0.031746031746031744	33	37.3202	tcga	8	signal	gpc6
dae	909346	real	0.042328042328042326	4	26.2788	tcga	8	signal	gpc6
ica	89204	real	0.08465608465608465	75	19.9941	tcga	8	signal	gpc6
ica	222208	real	0.08465608465608465	71	24.3351	tcga	8	signal	gpc6
ica	227186	real	0.08465608465608465	57	21.0564	tcga	8	signal	gpc6
ica	549752	real	0.08465608465608465	78	20.7879	tcga	8	signal	gpc6
ica	909346	real	0.08465608465608465	44	40.2287	tcga	8	signal	gpc6
nmf	89204	real	0.06349206349206349	90	50.0586	tcga	8	signal	gpc6
nmf	222208	real	0.06349206349206349	91	50.0593	tcga	8	signal	gpc6
nmf	227186	real	0.06349206349206349	92	50.06	tcga	8	signal	gpc6
nmf	549752	real	0.06349206349206349	93	50.0598	tcga	8	signal	gpc6
nmf	909346	real	0.06349206349206349	94	50.0584	tcga	8	signal	gpc6
pca	89204	real	0.06878306878306878	120	31.6713	tcga	8	signal	gpc6
pca	222208	real	0.06878306878306878	121	31.6713	tcga	8	signal	gpc6
pca	227186	real	0.06878306878306878	122	31.6713	tcga	8	signal	gpc6
pca	549752	real	0.06878306878306878	123	31.6713	tcga	8	signal	gpc6
pca	909346	real	0.06878306878306878	124	31.6713	tcga	8	signal	gpc6
vae	89204	real	0.06349206349206349	180	38.4264	tcga	8	signal	gpc6
vae	222208	real	0.06878306878306878	176	26.0968	tcga	8	signal	gpc6
vae	227186	real	0.0582010582010582	167	71.1998	tcga	8	signal	gpc6
vae	549752	real	0.06349206349206349	168	25.9682	tcga	8	signal	gpc6
vae	909346	real	0.07407407407407407	184	55.9333	tcga	8	signal	gpc6
dae	398500	real	0.2222222222222222	30	42.4122	tcga	45	signal	gpc6
dae	519573	real	0.21164021164021163	11	41.7229	tcga	45	signal	gpc6
dae	564612	real	0.2222222222222222	432	39.9111	tcga	45	signal	gpc6
dae	595326	real	0.19576719576719576	243	35.2944	tcga	45	signal	gpc6
dae	599193	real	0.2328042328042328	104	32.4679	tcga	45	signal	gpc6
dae	608571	real	0.21693121693121692	395	27.9336	tcga	45	signal	gpc6
dae	699856	real	0.19576719576719576	296	36.7032	tcga	45	signal	gpc6
dae	780311	real	0.1746031746031746	317	42.3838	tcga	45	signal	gpc6
dae	831740	real	0.21693121693121692	438	50.9012	tcga	45	signal	gpc6
dae	847077	real	0.24338624338624337	259	23.912	tcga	45	signal	gpc6
ica	398500	real	0.30158730158730157	550	31.1252	tcga	45	signal	gpc6
ica	519573	real	0.31216931216931215	711	22.1005	tcga	45	signal	gpc6
ica	564612	real	0.2962962962962963	512	24.81	tcga	45	signal	gpc6
ica	595326	real	0.3333333333333333	873	21.1054	tcga	45	signal	gpc6
ica	599193	real	0.31216931216931215	854	17.6655	tcga	45	signal	gpc6
ica	608571	real	0.31216931216931215	495	34.4536	tcga	45	signal	gpc6
ica	699856	real	0.31746031746031744	856	26.3081	tcga	45	signal	gpc6
ica	780311	real	0.31746031746031744	547	44.0787	tcga	45	signal	gpc6
ica	831740	real	0.3439153439153439	618	22.4546	tcga	45	signal	gpc6
ica	847077	real	0.31746031746031744	779	25.3563	tcga	45	signal	gpc6
nmf	398500	real	0.3333333333333333	1250	56.8873	tcga	45	signal	gpc6
nmf	519573	real	0.31216931216931215	1091	55.8717	tcga	45	signal	gpc6
nmf	564612	real	0.3439153439153439	1092	56.615	tcga	45	signal	gpc6
nmf	595326	real	0.328042328042328	1253	58.3809	tcga	45	signal	gpc6
nmf	599193	real	0.3544973544973545	914	56.6253	tcga	45	signal	gpc6
nmf	608571	real	0.3333333333333333	1255	53.0077	tcga	45	signal	gpc6
nmf	699856	real	0.328042328042328	1206	58.6692	tcga	45	signal	gpc6
nmf	780311	real	0.328042328042328	1257	56.211999999999996	tcga	45	signal	gpc6
nmf	831740	real	0.3386243386243386	1258	59.6121	tcga	45	signal	gpc6
nmf	847077	real	0.3386243386243386	929	53.6979	tcga	45	signal	gpc6
pca	398500	real	0.31216931216931215	1350	31.6713	tcga	45	signal	gpc6
pca	519573	real	0.31216931216931215	1351	31.6713	tcga	45	signal	gpc6
pca	564612	real	0.30687830687830686	1352	31.6713	tcga	45	signal	gpc6
pca	595326	real	0.30687830687830686	1353	31.6713	tcga	45	signal	gpc6
pca	599193	real	0.30687830687830686	1734	33.3207	tcga	45	signal	gpc6
pca	608571	real	0.30687830687830686	1355	31.6713	tcga	45	signal	gpc6
pca	699856	real	0.30687830687830686	1356	31.6713	tcga	45	signal	gpc6
pca	780311	real	0.30687830687830686	1357	31.6713	tcga	45	signal	gpc6
pca	831740	real	0.31216931216931215	1358	31.6713	tcga	45	signal	gpc6
pca	847077	real	0.30158730158730157	1359	31.6713	tcga	45	signal	gpc6
vae	398500	real	0.30687830687830686	2120	37.5026	tcga	45	signal	gpc6
vae	519573	real	0.3386243386243386	1811	31.9215	tcga	45	signal	gpc6
vae	564612	real	0.328042328042328	1852	30.0388	tcga	45	signal	gpc6
vae	595326	real	0.3386243386243386	2023	34.6878	tcga	45	signal	gpc6
vae	599193	real	0.30158730158730157	2024	39.0868	tcga	45	signal	gpc6
vae	608571	real	0.31746031746031744	1955	146.734	tcga	45	signal	gpc6
vae	699856	real	0.31216931216931215	1936	33.8813	tcga	45	signal	gpc6
vae	780311	real	0.2804232804232804	2177	32.2491	tcga	45	signal	gpc6
vae	831740	real	0.32275132275132273	1898	35.6543	tcga	45	signal	gpc6
vae	847077	real	0.32275132275132273	2019	74.124	tcga	45	signal	gpc6
