algorithm	seed	model_type	geneset_coverage	level_3	abs_top_z_score	dataset	z_dim	geneset_name
dae	165158	real	0.06991869918699187	140	10.9905	tcga	45	gpc3tft
dae	451283	real	0.07154471544715447	136	15.3982	tcga	45	gpc3tft
dae	486191	real	0.07154471544715447	42	12.0115	tcga	45	gpc3tft
dae	908341	real	0.07479674796747968	198	15.8004	tcga	45	gpc3tft
dae	978124	real	0.07479674796747968	74	16.1262	tcga	45	gpc3tft
ica	165158	real	0.12845528455284552	370	22.991	tcga	45	gpc3tft
ica	451283	real	0.11544715447154472	346	19.7826	tcga	45	gpc3tft
ica	486191	real	0.12682926829268293	252	22.8335	tcga	45	gpc3tft
ica	908341	real	0.13333333333333333	273	23.0027	tcga	45	gpc3tft
ica	978124	real	0.12845528455284552	319	22.7142	tcga	45	gpc3tft
nmf	165158	real	0.08943089430894309	625	33.748000000000005	tcga	45	gpc3tft
nmf	451283	real	0.09268292682926829	566	29.1442	tcga	45	gpc3tft
nmf	486191	real	0.0975609756097561	572	30.0963	tcga	45	gpc3tft
nmf	908341	real	0.1008130081300813	573	28.9069	tcga	45	gpc3tft
nmf	978124	real	0.0959349593495935	574	28.8454	tcga	45	gpc3tft
pca	165158	real	0.11869918699186992	680	18.019000000000002	tcga	45	gpc3tft
pca	451283	real	0.12357723577235773	681	18.019000000000002	tcga	45	gpc3tft
pca	486191	real	0.12357723577235773	682	18.019000000000002	tcga	45	gpc3tft
pca	908341	real	0.12357723577235773	683	18.019000000000002	tcga	45	gpc3tft
pca	978124	real	0.12357723577235773	684	18.019000000000002	tcga	45	gpc3tft
vae	165158	real	0.0910569105691057	1065	18.2605	tcga	45	gpc3tft
vae	451283	real	0.0975609756097561	1021	14.6685	tcga	45	gpc3tft
vae	486191	real	0.09268292682926829	1107	18.2078	tcga	45	gpc3tft
vae	908341	real	0.0959349593495935	928	20.0413	tcga	45	gpc3tft
vae	978124	real	0.0959349593495935	1044	20.8275	tcga	45	gpc3tft
dae	165158	real	0.06829268292682927	30	14.567	tcga	40	gpc3tft
dae	451283	real	0.07154471544715447	61	18.0909	tcga	40	gpc3tft
dae	486191	real	0.06341463414634146	167	15.3554	tcga	40	gpc3tft
dae	908341	real	0.07479674796747968	28	15.4528	tcga	40	gpc3tft
dae	978124	real	0.07967479674796749	164	12.8901	tcga	40	gpc3tft
ica	165158	real	0.0991869918699187	320	20.4657	tcga	40	gpc3tft
ica	451283	real	0.1008130081300813	261	20.436	tcga	40	gpc3tft
ica	486191	real	0.0991869918699187	287	20.4325	tcga	40	gpc3tft
ica	908341	real	0.1008130081300813	253	20.4882	tcga	40	gpc3tft
ica	978124	real	0.1008130081300813	349	20.4508	tcga	40	gpc3tft
nmf	165158	real	0.08292682926829269	575	30.6134	tcga	40	gpc3tft
nmf	451283	real	0.0910569105691057	521	29.4957	tcga	40	gpc3tft
nmf	486191	real	0.0910569105691057	522	28.3158	tcga	40	gpc3tft
nmf	908341	real	0.08617886178861789	523	28.5033	tcga	40	gpc3tft
nmf	978124	real	0.0959349593495935	524	29.0326	tcga	40	gpc3tft
pca	165158	real	0.11219512195121951	605	18.019000000000002	tcga	40	gpc3tft
pca	451283	real	0.11056910569105691	606	18.019000000000002	tcga	40	gpc3tft
pca	486191	real	0.11219512195121951	607	18.019000000000002	tcga	40	gpc3tft
pca	908341	real	0.11219512195121951	608	18.019000000000002	tcga	40	gpc3tft
pca	978124	real	0.11056910569105691	609	18.019000000000002	tcga	40	gpc3tft
vae	165158	real	0.0975609756097561	900	16.1688	tcga	40	gpc3tft
vae	451283	real	0.08943089430894309	891	15.2878	tcga	40	gpc3tft
vae	486191	real	0.09268292682926829	947	20.699	tcga	40	gpc3tft
vae	908341	real	0.0959349593495935	923	17.5713	tcga	40	gpc3tft
vae	978124	real	0.07479674796747968	829	13.4022	tcga	40	gpc3tft
dae	165158	real	0.01951219512195122	10	11.2205	tcga	14	gpc3tft
dae	451283	real	0.01788617886178862	1	18.9629	tcga	14	gpc3tft
dae	486191	real	0.008130081300813009	7	9.225539999999999	tcga	14	gpc3tft
dae	908341	real	0.027642276422764227	13	12.6096	tcga	14	gpc3tft
dae	978124	real	0.022764227642276424	49	16.748	tcga	14	gpc3tft
ica	165158	real	0.04552845528455285	135	20.2182	tcga	14	gpc3tft
ica	451283	real	0.04390243902439024	101	20.1367	tcga	14	gpc3tft
ica	486191	real	0.04552845528455285	112	20.2193	tcga	14	gpc3tft
ica	908341	real	0.04227642276422764	138	19.9891	tcga	14	gpc3tft
ica	978124	real	0.04552845528455285	134	20.2125	tcga	14	gpc3tft
nmf	165158	real	0.02926829268292683	170	24.0404	tcga	14	gpc3tft
nmf	451283	real	0.02926829268292683	171	24.0296	tcga	14	gpc3tft
nmf	486191	real	0.02926829268292683	172	24.0402	tcga	14	gpc3tft
nmf	908341	real	0.02926829268292683	173	24.0404	tcga	14	gpc3tft
nmf	978124	real	0.02926829268292683	174	24.0403	tcga	14	gpc3tft
pca	165158	real	0.04552845528455285	215	18.019000000000002	tcga	14	gpc3tft
pca	451283	real	0.04552845528455285	216	18.019000000000002	tcga	14	gpc3tft
pca	486191	real	0.04552845528455285	217	18.019000000000002	tcga	14	gpc3tft
pca	908341	real	0.04552845528455285	218	18.019000000000002	tcga	14	gpc3tft
pca	978124	real	0.04552845528455285	219	18.019000000000002	tcga	14	gpc3tft
vae	165158	real	0.03739837398373984	305	14.7978	tcga	14	gpc3tft
vae	451283	real	0.032520325203252036	301	26.3943	tcga	14	gpc3tft
vae	486191	real	0.032520325203252036	322	16.7	tcga	14	gpc3tft
vae	908341	real	0.04065040650406504	298	18.26	tcga	14	gpc3tft
vae	978124	real	0.03414634146341464	284	21.8208	tcga	14	gpc3tft
dae	165158	real	0.11219512195121951	35	16.5677	tcga	80	gpc3tft
dae	451283	real	0.12195121951219512	266	16.8264	tcga	80	gpc3tft
dae	486191	real	0.11544715447154472	22	14.529000000000002	tcga	80	gpc3tft
dae	908341	real	0.07479674796747968	23	14.9479	tcga	80	gpc3tft
dae	978124	real	0.11219512195121951	159	18.1312	tcga	80	gpc3tft
ica	165158	real	0.208130081300813	445	20.729	tcga	80	gpc3tft
ica	451283	real	0.208130081300813	686	19.0844	tcga	80	gpc3tft
ica	486191	real	0.21138211382113822	542	19.4065	tcga	80	gpc3tft
ica	908341	real	0.2016260162601626	613	19.2038	tcga	80	gpc3tft
ica	978124	real	0.2048780487804878	584	18.805	tcga	80	gpc3tft
nmf	165158	real	0.17886178861788618	925	43.5315	tcga	80	gpc3tft
nmf	451283	real	0.15934959349593497	926	41.0575	tcga	80	gpc3tft
nmf	486191	real	0.17073170731707318	927	40.6422	tcga	80	gpc3tft
nmf	908341	real	0.16097560975609757	928	42.5696	tcga	80	gpc3tft
nmf	978124	real	0.16747967479674797	929	42.0466	tcga	80	gpc3tft
pca	165158	real	0.21300813008130082	1205	18.019000000000002	tcga	80	gpc3tft
pca	451283	real	0.208130081300813	1206	18.019000000000002	tcga	80	gpc3tft
pca	486191	real	0.20650406504065041	1207	18.019000000000002	tcga	80	gpc3tft
pca	908341	real	0.21300813008130082	1208	18.019000000000002	tcga	80	gpc3tft
pca	978124	real	0.2097560975609756	1209	18.019000000000002	tcga	80	gpc3tft
vae	165158	real	0.16260162601626016	1980	20.4398	tcga	80	gpc3tft
vae	451283	real	0.15934959349593497	1716	23.6334	tcga	80	gpc3tft
vae	486191	real	0.16422764227642275	1652	17.6105	tcga	80	gpc3tft
vae	908341	real	0.15121951219512195	1758	24.7252	tcga	80	gpc3tft
vae	978124	real	0.15934959349593497	1674	15.0682	tcga	80	gpc3tft
dae	165158	real	0.030894308943089432	105	18.5045	tcga	25	gpc3tft
dae	451283	real	0.03739837398373984	71	15.9371	tcga	25	gpc3tft
dae	486191	real	0.022764227642276424	82	12.8362	tcga	25	gpc3tft
dae	908341	real	0.030894308943089432	63	12.5737	tcga	25	gpc3tft
dae	978124	real	0.02926829268292683	114	15.4828	tcga	25	gpc3tft
ica	165158	real	0.06829268292682927	140	21.5212	tcga	25	gpc3tft
ica	451283	real	0.06829268292682927	166	21.6869	tcga	25	gpc3tft
ica	486191	real	0.06829268292682927	172	21.5035	tcga	25	gpc3tft
ica	908341	real	0.06829268292682927	223	21.5142	tcga	25	gpc3tft
ica	978124	real	0.07154471544715447	209	21.5898	tcga	25	gpc3tft
nmf	165158	real	0.05365853658536585	365	23.958000000000002	tcga	25	gpc3tft
nmf	451283	real	0.05365853658536585	366	23.9553	tcga	25	gpc3tft
nmf	486191	real	0.05365853658536585	367	23.954	tcga	25	gpc3tft
nmf	908341	real	0.05365853658536585	368	23.9574	tcga	25	gpc3tft
nmf	978124	real	0.05365853658536585	369	23.9446	tcga	25	gpc3tft
pca	165158	real	0.07317073170731707	380	18.019000000000002	tcga	25	gpc3tft
pca	451283	real	0.07317073170731707	381	18.019000000000002	tcga	25	gpc3tft
pca	486191	real	0.07317073170731707	382	18.019000000000002	tcga	25	gpc3tft
pca	908341	real	0.07479674796747968	383	18.019000000000002	tcga	25	gpc3tft
pca	978124	real	0.07479674796747968	384	18.019000000000002	tcga	25	gpc3tft
vae	165158	real	0.056910569105691054	505	22.9559	tcga	25	gpc3tft
vae	451283	real	0.06666666666666667	606	15.6812	tcga	25	gpc3tft
vae	486191	real	0.06341463414634146	622	14.7968	tcga	25	gpc3tft
vae	908341	real	0.061788617886178863	533	14.113	tcga	25	gpc3tft
vae	978124	real	0.06016260162601626	579	18.8392	tcga	25	gpc3tft
dae	165158	real	0.0065040650406504065	5	8.82244	tcga	4	gpc3tft
dae	451283	real	0.0065040650406504065	6	8.6949	tcga	4	gpc3tft
dae	486191	real	0.0065040650406504065	2	9.00878	tcga	4	gpc3tft
dae	908341	real	0.00975609756097561	8	10.4402	tcga	4	gpc3tft
dae	978124	real	0.0065040650406504065	4	8.73757	tcga	4	gpc3tft
ica	165158	real	0.011382113821138212	20	15.4941	tcga	4	gpc3tft
ica	451283	real	0.013008130081300813	36	21.2104	tcga	4	gpc3tft
ica	486191	real	0.013008130081300813	22	21.1257	tcga	4	gpc3tft
ica	908341	real	0.011382113821138212	33	15.4773	tcga	4	gpc3tft
ica	978124	real	0.013008130081300813	29	20.5694	tcga	4	gpc3tft
nmf	165158	real	0.00975609756097561	40	17.913	tcga	4	gpc3tft
nmf	451283	real	0.00975609756097561	41	17.9131	tcga	4	gpc3tft
nmf	486191	real	0.00975609756097561	42	17.9132	tcga	4	gpc3tft
nmf	908341	real	0.00975609756097561	43	17.9134	tcga	4	gpc3tft
nmf	978124	real	0.00975609756097561	44	17.9134	tcga	4	gpc3tft
pca	165158	real	0.013008130081300813	65	18.019000000000002	tcga	4	gpc3tft
pca	451283	real	0.013008130081300813	66	18.019000000000002	tcga	4	gpc3tft
pca	486191	real	0.013008130081300813	67	18.019000000000002	tcga	4	gpc3tft
pca	908341	real	0.013008130081300813	68	18.019000000000002	tcga	4	gpc3tft
pca	978124	real	0.013008130081300813	69	18.019000000000002	tcga	4	gpc3tft
vae	165158	real	0.011382113821138212	90	16.4365	tcga	4	gpc3tft
vae	451283	real	0.011382113821138212	86	16.2738	tcga	4	gpc3tft
vae	486191	real	0.011382113821138212	92	16.016	tcga	4	gpc3tft
vae	908341	real	0.011382113821138212	83	17.5374	tcga	4	gpc3tft
vae	978124	real	0.011382113821138212	94	17.6268	tcga	4	gpc3tft
dae	165158	real	0.022764227642276424	0	12.6644	tcga	18	gpc3tft
dae	451283	real	0.03414634146341464	86	15.3983	tcga	18	gpc3tft
dae	486191	real	0.030894308943089432	47	13.9676	tcga	18	gpc3tft
dae	908341	real	0.026016260162601626	58	14.1637	tcga	18	gpc3tft
dae	978124	real	0.03414634146341464	24	12.3641	tcga	18	gpc3tft
ica	165158	real	0.055284552845528454	140	22.0743	tcga	18	gpc3tft
ica	451283	real	0.055284552845528454	146	22.0732	tcga	18	gpc3tft
ica	486191	real	0.055284552845528454	117	22.0766	tcga	18	gpc3tft
ica	908341	real	0.055284552845528454	98	22.0561	tcga	18	gpc3tft
ica	978124	real	0.055284552845528454	134	22.081999999999997	tcga	18	gpc3tft
nmf	165158	real	0.04227642276422764	180	23.3932	tcga	18	gpc3tft
nmf	451283	real	0.04227642276422764	181	23.3943	tcga	18	gpc3tft
nmf	486191	real	0.04227642276422764	182	23.4023	tcga	18	gpc3tft
nmf	908341	real	0.04227642276422764	183	23.3948	tcga	18	gpc3tft
nmf	978124	real	0.04227642276422764	184	23.3949	tcga	18	gpc3tft
pca	165158	real	0.055284552845528454	275	18.019000000000002	tcga	18	gpc3tft
pca	451283	real	0.056910569105691054	276	18.019000000000002	tcga	18	gpc3tft
pca	486191	real	0.056910569105691054	277	18.019000000000002	tcga	18	gpc3tft
pca	908341	real	0.056910569105691054	278	18.019000000000002	tcga	18	gpc3tft
pca	978124	real	0.056910569105691054	279	18.019000000000002	tcga	18	gpc3tft
vae	165158	real	0.04552845528455285	445	12.6379	tcga	18	gpc3tft
vae	451283	real	0.05203252032520325	366	16.6315	tcga	18	gpc3tft
vae	486191	real	0.04390243902439024	392	15.1863	tcga	18	gpc3tft
vae	908341	real	0.04878048780487805	408	12.793	tcga	18	gpc3tft
vae	978124	real	0.03902439024390244	394	16.3785	tcga	18	gpc3tft
dae	165158	real	0.03577235772357724	140	15.6374	tcga	35	gpc3tft
dae	451283	real	0.03577235772357724	141	13.4344	tcga	35	gpc3tft
dae	486191	real	0.04390243902439024	12	18.8327	tcga	35	gpc3tft
dae	908341	real	0.027642276422764227	168	13.7076	tcga	35	gpc3tft
dae	978124	real	0.03577235772357724	134	13.0115	tcga	35	gpc3tft
ica	165158	real	0.09268292682926829	195	21.2431	tcga	35	gpc3tft
ica	451283	real	0.0959349593495935	236	21.3337	tcga	35	gpc3tft
ica	486191	real	0.08617886178861789	262	21.4436	tcga	35	gpc3tft
ica	908341	real	0.08943089430894309	313	21.4971	tcga	35	gpc3tft
ica	978124	real	0.0910569105691057	264	20.6806	tcga	35	gpc3tft
nmf	165158	real	0.07479674796747968	465	23.4696	tcga	35	gpc3tft
nmf	451283	real	0.07642276422764227	431	22.5069	tcga	35	gpc3tft
nmf	486191	real	0.07479674796747968	467	22.8304	tcga	35	gpc3tft
nmf	908341	real	0.07642276422764227	468	23.5388	tcga	35	gpc3tft
nmf	978124	real	0.07479674796747968	469	23.6882	tcga	35	gpc3tft
pca	165158	real	0.0959349593495935	530	18.019000000000002	tcga	35	gpc3tft
pca	451283	real	0.0975609756097561	531	18.019000000000002	tcga	35	gpc3tft
pca	486191	real	0.0975609756097561	532	18.019000000000002	tcga	35	gpc3tft
pca	908341	real	0.0943089430894309	533	18.019000000000002	tcga	35	gpc3tft
pca	978124	real	0.0975609756097561	534	18.019000000000002	tcga	35	gpc3tft
vae	165158	real	0.08455284552845528	820	27.2522	tcga	35	gpc3tft
vae	451283	real	0.07967479674796749	786	16.854	tcga	35	gpc3tft
vae	486191	real	0.08780487804878048	717	16.0287	tcga	35	gpc3tft
vae	908341	real	0.08292682926829269	803	18.5656	tcga	35	gpc3tft
vae	978124	real	0.08455284552845528	849	15.5519	tcga	35	gpc3tft
dae	165158	real	0.014634146341463415	20	16.1044	tcga	8	gpc3tft
dae	451283	real	0.014634146341463415	31	16.0673	tcga	8	gpc3tft
dae	486191	real	0.014634146341463415	32	16.3781	tcga	8	gpc3tft
dae	908341	real	0.011382113821138212	18	9.59484	tcga	8	gpc3tft
dae	978124	real	0.01951219512195122	24	11.772	tcga	8	gpc3tft
ica	165158	real	0.026016260162601626	45	16.3584	tcga	8	gpc3tft
ica	451283	real	0.026016260162601626	51	17.2281	tcga	8	gpc3tft
ica	486191	real	0.026016260162601626	77	16.0148	tcga	8	gpc3tft
ica	908341	real	0.026016260162601626	68	23.9546	tcga	8	gpc3tft
ica	978124	real	0.026016260162601626	79	14.8389	tcga	8	gpc3tft
nmf	165158	real	0.022764227642276424	110	21.4436	tcga	8	gpc3tft
nmf	451283	real	0.022764227642276424	111	21.4436	tcga	8	gpc3tft
nmf	486191	real	0.022764227642276424	112	21.4436	tcga	8	gpc3tft
nmf	908341	real	0.022764227642276424	113	21.4436	tcga	8	gpc3tft
nmf	978124	real	0.022764227642276424	114	21.4437	tcga	8	gpc3tft
pca	165158	real	0.026016260162601626	125	18.019000000000002	tcga	8	gpc3tft
pca	451283	real	0.026016260162601626	126	18.019000000000002	tcga	8	gpc3tft
pca	486191	real	0.026016260162601626	127	18.019000000000002	tcga	8	gpc3tft
pca	908341	real	0.026016260162601626	128	18.019000000000002	tcga	8	gpc3tft
pca	978124	real	0.026016260162601626	129	18.019000000000002	tcga	8	gpc3tft
vae	165158	real	0.024390243902439025	165	17.8284	tcga	8	gpc3tft
vae	451283	real	0.024390243902439025	166	16.3631	tcga	8	gpc3tft
vae	486191	real	0.02113821138211382	182	12.800999999999998	tcga	8	gpc3tft
vae	908341	real	0.024390243902439025	163	16.491	tcga	8	gpc3tft
vae	978124	real	0.022764227642276424	199	15.0774	tcga	8	gpc3tft
dae	165158	real	0.0991869918699187	210	24.7703	tcga	60	gpc3tft
dae	451283	real	0.07804878048780488	96	17.2921	tcga	60	gpc3tft
dae	486191	real	0.07479674796747968	127	14.9251	tcga	60	gpc3tft
dae	908341	real	0.08943089430894309	253	19.7543	tcga	60	gpc3tft
dae	978124	real	0.0910569105691057	44	20.7106	tcga	60	gpc3tft
ica	165158	real	0.16585365853658537	320	30.488000000000003	tcga	60	gpc3tft
ica	451283	real	0.16585365853658537	556	31.3891	tcga	60	gpc3tft
ica	486191	real	0.16097560975609757	302	30.9917	tcga	60	gpc3tft
ica	908341	real	0.15447154471544716	548	30.1134	tcga	60	gpc3tft
ica	978124	real	0.15772357723577235	394	28.9439	tcga	60	gpc3tft
nmf	165158	real	0.12032520325203253	725	38.4293	tcga	60	gpc3tft
nmf	451283	real	0.13008130081300814	726	42.9036	tcga	60	gpc3tft
nmf	486191	real	0.11869918699186992	727	42.0293	tcga	60	gpc3tft
nmf	908341	real	0.12682926829268293	728	41.8129	tcga	60	gpc3tft
nmf	978124	real	0.12520325203252033	729	40.4899	tcga	60	gpc3tft
pca	165158	real	0.15934959349593497	905	18.019000000000002	tcga	60	gpc3tft
pca	451283	real	0.15934959349593497	906	18.019000000000002	tcga	60	gpc3tft
pca	486191	real	0.16097560975609757	907	18.019000000000002	tcga	60	gpc3tft
pca	908341	real	0.15609756097560976	908	18.019000000000002	tcga	60	gpc3tft
pca	978124	real	0.16260162601626016	909	18.019000000000002	tcga	60	gpc3tft
vae	165158	real	0.12357723577235773	1295	17.6836	tcga	60	gpc3tft
vae	451283	real	0.13008130081300814	1271	16.8011	tcga	60	gpc3tft
vae	486191	real	0.12520325203252033	1422	18.1028	tcga	60	gpc3tft
vae	908341	real	0.13008130081300814	1238	15.8576	tcga	60	gpc3tft
vae	978124	real	0.12845528455284552	1464	19.1158	tcga	60	gpc3tft
dae	165158	real	0.013008130081300813	0	11.4188	tcga	9	gpc3tft
dae	451283	real	0.01788617886178862	21	15.5757	tcga	9	gpc3tft
dae	486191	real	0.011382113821138212	22	9.325560000000001	tcga	9	gpc3tft
dae	908341	real	0.014634146341463415	33	15.902999999999999	tcga	9	gpc3tft
dae	978124	real	0.01788617886178862	44	15.6883	tcga	9	gpc3tft
ica	165158	real	0.027642276422764227	85	15.6583	tcga	9	gpc3tft
ica	451283	real	0.027642276422764227	51	21.5746	tcga	9	gpc3tft
ica	486191	real	0.027642276422764227	72	21.5549	tcga	9	gpc3tft
ica	908341	real	0.027642276422764227	63	15.8953	tcga	9	gpc3tft
ica	978124	real	0.026016260162601626	84	15.5431	tcga	9	gpc3tft
nmf	165158	real	0.026016260162601626	120	20.8341	tcga	9	gpc3tft
nmf	451283	real	0.026016260162601626	121	20.8379	tcga	9	gpc3tft
nmf	486191	real	0.026016260162601626	122	20.8355	tcga	9	gpc3tft
nmf	908341	real	0.026016260162601626	123	20.8373	tcga	9	gpc3tft
nmf	978124	real	0.026016260162601626	124	20.8354	tcga	9	gpc3tft
pca	165158	real	0.02926829268292683	140	18.019000000000002	tcga	9	gpc3tft
pca	451283	real	0.02926829268292683	141	18.019000000000002	tcga	9	gpc3tft
pca	486191	real	0.02926829268292683	142	18.019000000000002	tcga	9	gpc3tft
pca	908341	real	0.02926829268292683	143	18.019000000000002	tcga	9	gpc3tft
pca	978124	real	0.02926829268292683	144	18.019000000000002	tcga	9	gpc3tft
vae	165158	real	0.024390243902439025	180	15.4534	tcga	9	gpc3tft
vae	451283	real	0.027642276422764227	221	11.9237	tcga	9	gpc3tft
vae	486191	real	0.027642276422764227	187	15.4929	tcga	9	gpc3tft
vae	908341	real	0.026016260162601626	193	18.4175	tcga	9	gpc3tft
vae	978124	real	0.024390243902439025	214	13.4562	tcga	9	gpc3tft
dae	165158	real	0.013008130081300813	10	16.1	tcga	5	gpc3tft
dae	451283	real	0.013008130081300813	21	16.3151	tcga	5	gpc3tft
dae	486191	real	0.00975609756097561	17	10.931	tcga	5	gpc3tft
dae	908341	real	0.0065040650406504065	3	9.04411	tcga	5	gpc3tft
dae	978124	real	0.00975609756097561	19	9.98092	tcga	5	gpc3tft
ica	165158	real	0.016260162601626018	40	14.6669	tcga	5	gpc3tft
ica	451283	real	0.016260162601626018	26	14.687999999999999	tcga	5	gpc3tft
ica	486191	real	0.016260162601626018	42	14.6885	tcga	5	gpc3tft
ica	908341	real	0.016260162601626018	43	14.7179	tcga	5	gpc3tft
ica	978124	real	0.016260162601626018	44	14.7186	tcga	5	gpc3tft
nmf	165158	real	0.013008130081300813	50	18.2444	tcga	5	gpc3tft
nmf	451283	real	0.013008130081300813	51	18.2441	tcga	5	gpc3tft
nmf	486191	real	0.013008130081300813	52	18.2445	tcga	5	gpc3tft
nmf	908341	real	0.013008130081300813	53	18.244	tcga	5	gpc3tft
nmf	978124	real	0.013008130081300813	54	18.2439	tcga	5	gpc3tft
pca	165158	real	0.016260162601626018	80	18.019000000000002	tcga	5	gpc3tft
pca	451283	real	0.016260162601626018	81	18.019000000000002	tcga	5	gpc3tft
pca	486191	real	0.016260162601626018	82	18.019000000000002	tcga	5	gpc3tft
pca	908341	real	0.016260162601626018	83	18.019000000000002	tcga	5	gpc3tft
pca	978124	real	0.016260162601626018	84	18.019000000000002	tcga	5	gpc3tft
vae	165158	real	0.013008130081300813	100	15.874	tcga	5	gpc3tft
vae	451283	real	0.014634146341463415	111	13.5061	tcga	5	gpc3tft
vae	486191	real	0.014634146341463415	112	14.7614	tcga	5	gpc3tft
vae	908341	real	0.014634146341463415	118	15.4654	tcga	5	gpc3tft
vae	978124	real	0.014634146341463415	104	12.315	tcga	5	gpc3tft
dae	165158	real	0.18536585365853658	480	16.0587	tcga	150	gpc3tft
dae	451283	real	0.183739837398374	351	24.9679	tcga	150	gpc3tft
dae	486191	real	0.19349593495934958	617	16.9669	tcga	150	gpc3tft
dae	908341	real	0.1886178861788618	478	18.1176	tcga	150	gpc3tft
dae	978124	real	0.2032520325203252	614	15.2878	tcga	150	gpc3tft
ica	165158	real	0.34471544715447155	910	16.9749	tcga	150	gpc3tft
ica	451283	real	0.34959349593495936	1096	19.5154	tcga	150	gpc3tft
ica	486191	real	0.34796747967479674	787	17.3095	tcga	150	gpc3tft
ica	908341	real	0.359349593495935	978	18.465999999999998	tcga	150	gpc3tft
ica	978124	real	0.33170731707317075	1499	18.6101	tcga	150	gpc3tft
nmf	165158	real	0.2780487804878049	1620	43.9897	tcga	150	gpc3tft
nmf	451283	real	0.2861788617886179	2196	98.7744	tcga	150	gpc3tft
nmf	486191	real	0.27967479674796747	1622	48.3439	tcga	150	gpc3tft
nmf	908341	real	0.26991869918699185	2198	104.325	tcga	150	gpc3tft
nmf	978124	real	0.2894308943089431	1624	44.2446	tcga	150	gpc3tft
pca	165158	real	0.33495934959349594	2255	18.019000000000002	tcga	150	gpc3tft
pca	451283	real	0.33170731707317075	2256	18.019000000000002	tcga	150	gpc3tft
pca	486191	real	0.3382113821138211	2257	18.019000000000002	tcga	150	gpc3tft
pca	908341	real	0.34471544715447155	2258	18.019000000000002	tcga	150	gpc3tft
pca	978124	real	0.34308943089430893	2259	18.019000000000002	tcga	150	gpc3tft
vae	165158	real	0.2146341463414634	3590	21.4421	tcga	150	gpc3tft
vae	451283	real	0.21138211382113822	3041	16.9852	tcga	150	gpc3tft
vae	486191	real	0.216260162601626	3102	17.4579	tcga	150	gpc3tft
vae	908341	real	0.23089430894308943	3043	17.4783	tcga	150	gpc3tft
vae	978124	real	0.2032520325203252	3689	22.2522	tcga	150	gpc3tft
dae	165158	real	0.08943089430894309	235	14.3585	tcga	70	gpc3tft
dae	451283	real	0.11707317073170732	201	16.9532	tcga	70	gpc3tft
dae	486191	real	0.11544715447154472	227	15.6096	tcga	70	gpc3tft
dae	908341	real	0.1008130081300813	173	21.7513	tcga	70	gpc3tft
dae	978124	real	0.11056910569105691	194	13.4908	tcga	70	gpc3tft
ica	165158	real	0.17560975609756097	615	33.7101	tcga	70	gpc3tft
ica	451283	real	0.1772357723577236	451	34.1983	tcga	70	gpc3tft
ica	486191	real	0.1902439024390244	692	33.2994	tcga	70	gpc3tft
ica	908341	real	0.1772357723577236	433	33.7683	tcga	70	gpc3tft
ica	978124	real	0.17886178861788618	649	32.3277	tcga	70	gpc3tft
nmf	165158	real	0.14796747967479676	825	43.6861	tcga	70	gpc3tft
nmf	451283	real	0.14796747967479676	826	44.2679	tcga	70	gpc3tft
nmf	486191	real	0.14146341463414633	827	42.9881	tcga	70	gpc3tft
nmf	908341	real	0.15447154471544716	828	43.6696	tcga	70	gpc3tft
nmf	978124	real	0.15284552845528454	829	44.2337	tcga	70	gpc3tft
pca	165158	real	0.183739837398374	1055	18.019000000000002	tcga	70	gpc3tft
pca	451283	real	0.18536585365853658	1056	18.019000000000002	tcga	70	gpc3tft
pca	486191	real	0.18699186991869918	1057	18.019000000000002	tcga	70	gpc3tft
pca	908341	real	0.18699186991869918	1058	18.019000000000002	tcga	70	gpc3tft
pca	978124	real	0.18048780487804877	1059	18.019000000000002	tcga	70	gpc3tft
vae	165158	real	0.14634146341463414	1580	16.6246	tcga	70	gpc3tft
vae	451283	real	0.13333333333333333	1696	19.2861	tcga	70	gpc3tft
vae	486191	real	0.12845528455284552	1482	19.8989	tcga	70	gpc3tft
vae	908341	real	0.14146341463414633	1408	16.6154	tcga	70	gpc3tft
vae	978124	real	0.13658536585365855	1669	19.7305	tcga	70	gpc3tft
dae	165158	real	0.05040650406504065	15	17.2076	tcga	30	gpc3tft
dae	451283	real	0.03414634146341464	76	15.6929	tcga	30	gpc3tft
dae	486191	real	0.030894308943089432	122	14.6405	tcga	30	gpc3tft
dae	908341	real	0.03577235772357724	88	15.4557	tcga	30	gpc3tft
dae	978124	real	0.03577235772357724	129	14.6763	tcga	30	gpc3tft
ica	165158	real	0.08130081300813008	165	23.3081	tcga	30	gpc3tft
ica	451283	real	0.08292682926829269	296	23.8878	tcga	30	gpc3tft
ica	486191	real	0.08292682926829269	192	23.9896	tcga	30	gpc3tft
ica	908341	real	0.08617886178861789	258	23.8676	tcga	30	gpc3tft
ica	978124	real	0.08292682926829269	214	24.0051	tcga	30	gpc3tft
nmf	165158	real	0.06504065040650407	415	24.4649	tcga	30	gpc3tft
nmf	451283	real	0.06341463414634146	416	24.4542	tcga	30	gpc3tft
nmf	486191	real	0.06504065040650407	417	24.403000000000002	tcga	30	gpc3tft
nmf	908341	real	0.06341463414634146	418	24.416999999999998	tcga	30	gpc3tft
nmf	978124	real	0.06504065040650407	419	24.3856	tcga	30	gpc3tft
pca	165158	real	0.08780487804878048	455	18.019000000000002	tcga	30	gpc3tft
pca	451283	real	0.08780487804878048	456	18.019000000000002	tcga	30	gpc3tft
pca	486191	real	0.08780487804878048	457	18.019000000000002	tcga	30	gpc3tft
pca	908341	real	0.08943089430894309	458	18.019000000000002	tcga	30	gpc3tft
pca	978124	real	0.08780487804878048	459	18.019000000000002	tcga	30	gpc3tft
vae	165158	real	0.07154471544715447	675	15.3932	tcga	30	gpc3tft
vae	451283	real	0.061788617886178863	616	14.7027	tcga	30	gpc3tft
vae	486191	real	0.07967479674796749	672	16.3611	tcga	30	gpc3tft
vae	908341	real	0.07479674796747968	718	14.7004	tcga	30	gpc3tft
vae	978124	real	0.06829268292682927	644	16.404	tcga	30	gpc3tft
dae	165158	real	0.16422764227642275	255	18.5041	tcga	100	gpc3tft
dae	451283	real	0.14634146341463414	186	20.2285	tcga	100	gpc3tft
dae	486191	real	0.13495934959349593	482	17.9317	tcga	100	gpc3tft
dae	908341	real	0.13170731707317074	43	17.2269	tcga	100	gpc3tft
dae	978124	real	0.15609756097560976	314	16.7097	tcga	100	gpc3tft
ica	165158	real	0.2601626016260163	750	21.1665	tcga	100	gpc3tft
ica	451283	real	0.25853658536585367	591	18.1017	tcga	100	gpc3tft
ica	486191	real	0.25203252032520324	957	24.6495	tcga	100	gpc3tft
ica	908341	real	0.25853658536585367	698	19.6523	tcga	100	gpc3tft
ica	978124	real	0.2601626016260163	844	18.4086	tcga	100	gpc3tft
nmf	165158	real	0.21138211382113822	1125	40.7186	tcga	100	gpc3tft
nmf	451283	real	0.20650406504065041	1121	46.8652	tcga	100	gpc3tft
nmf	486191	real	0.2	1457	43.7931	tcga	100	gpc3tft
nmf	908341	real	0.20650406504065041	1128	43.0507	tcga	100	gpc3tft
nmf	978124	real	0.1967479674796748	1459	42.2501	tcga	100	gpc3tft
pca	165158	real	0.24715447154471545	1505	18.019000000000002	tcga	100	gpc3tft
pca	451283	real	0.24878048780487805	1506	18.019000000000002	tcga	100	gpc3tft
pca	486191	real	0.25691056910569104	1507	18.019000000000002	tcga	100	gpc3tft
pca	908341	real	0.25203252032520324	1508	18.019000000000002	tcga	100	gpc3tft
pca	978124	real	0.25203252032520324	1509	18.019000000000002	tcga	100	gpc3tft
vae	165158	real	0.17398373983739837	2045	19.6204	tcga	100	gpc3tft
vae	451283	real	0.18699186991869918	2291	23.8669	tcga	100	gpc3tft
vae	486191	real	0.1772357723577236	2352	19.4038	tcga	100	gpc3tft
vae	908341	real	0.17398373983739837	2428	21.8138	tcga	100	gpc3tft
vae	978124	real	0.16585365853658537	2144	22.4475	tcga	100	gpc3tft
dae	165158	real	0.0065040650406504065	0	8.8394	tcga	2	gpc3tft
dae	451283	real	0.0032520325203252032	6	10.0925	tcga	2	gpc3tft
dae	486191	real	0.0032520325203252032	7	10.2911	tcga	2	gpc3tft
dae	908341	real	0.0065040650406504065	8	8.84182	tcga	2	gpc3tft
dae	978124	real	0.0065040650406504065	9	8.90203	tcga	2	gpc3tft
ica	165158	real	0.0065040650406504065	10	17.1869	tcga	2	gpc3tft
ica	451283	real	0.0065040650406504065	11	17.1844	tcga	2	gpc3tft
ica	486191	real	0.0065040650406504065	12	17.2277	tcga	2	gpc3tft
ica	908341	real	0.0065040650406504065	18	17.2263	tcga	2	gpc3tft
ica	978124	real	0.0065040650406504065	19	17.230999999999998	tcga	2	gpc3tft
nmf	165158	real	0.0065040650406504065	20	18.2995	tcga	2	gpc3tft
nmf	451283	real	0.0065040650406504065	21	18.2995	tcga	2	gpc3tft
nmf	486191	real	0.0065040650406504065	22	18.2995	tcga	2	gpc3tft
nmf	908341	real	0.0065040650406504065	23	18.2995	tcga	2	gpc3tft
nmf	978124	real	0.0065040650406504065	24	18.2995	tcga	2	gpc3tft
pca	165158	real	0.0065040650406504065	35	18.019000000000002	tcga	2	gpc3tft
pca	451283	real	0.0065040650406504065	36	18.019000000000002	tcga	2	gpc3tft
pca	486191	real	0.0065040650406504065	37	18.019000000000002	tcga	2	gpc3tft
pca	908341	real	0.0065040650406504065	38	18.019000000000002	tcga	2	gpc3tft
pca	978124	real	0.0065040650406504065	39	18.019000000000002	tcga	2	gpc3tft
vae	165158	real	0.0065040650406504065	40	9.74216	tcga	2	gpc3tft
vae	451283	real	0.0065040650406504065	46	12.3382	tcga	2	gpc3tft
vae	486191	real	0.004878048780487805	42	13.9647	tcga	2	gpc3tft
vae	908341	real	0.0065040650406504065	48	10.1614	tcga	2	gpc3tft
vae	978124	real	0.0065040650406504065	49	12.1018	tcga	2	gpc3tft
dae	165158	real	0.13658536585365855	95	14.2155	tcga	90	gpc3tft
dae	451283	real	0.12845528455284552	111	14.3201	tcga	90	gpc3tft
dae	486191	real	0.13333333333333333	272	17.6993	tcga	90	gpc3tft
dae	908341	real	0.12845528455284552	13	18.3713	tcga	90	gpc3tft
dae	978124	real	0.15121951219512195	204	14.7196	tcga	90	gpc3tft
ica	165158	real	0.23252032520325203	590	19.8332	tcga	90	gpc3tft
ica	451283	real	0.22439024390243903	466	19.4948	tcga	90	gpc3tft
ica	486191	real	0.23252032520325203	477	19.1026	tcga	90	gpc3tft
ica	908341	real	0.21951219512195122	613	21.0139	tcga	90	gpc3tft
ica	978124	real	0.23252032520325203	604	20.4125	tcga	90	gpc3tft
nmf	165158	real	0.2	1025	45.8762	tcga	90	gpc3tft
nmf	451283	real	0.18048780487804877	1026	42.0877	tcga	90	gpc3tft
nmf	486191	real	0.183739837398374	1027	42.5892	tcga	90	gpc3tft
nmf	908341	real	0.18048780487804877	1028	43.1615	tcga	90	gpc3tft
nmf	978124	real	0.1886178861788618	1029	42.9001	tcga	90	gpc3tft
pca	165158	real	0.23089430894308943	1355	18.019000000000002	tcga	90	gpc3tft
pca	451283	real	0.23414634146341465	1356	18.019000000000002	tcga	90	gpc3tft
pca	486191	real	0.22601626016260162	1357	18.019000000000002	tcga	90	gpc3tft
pca	908341	real	0.22764227642276422	1358	18.019000000000002	tcga	90	gpc3tft
pca	978124	real	0.23577235772357724	1359	18.019000000000002	tcga	90	gpc3tft
vae	165158	real	0.16097560975609757	1920	19.3698	tcga	90	gpc3tft
vae	451283	real	0.17073170731707318	1801	18.4952	tcga	90	gpc3tft
vae	486191	real	0.16422764227642275	2007	17.828	tcga	90	gpc3tft
vae	908341	real	0.17073170731707318	2153	19.0617	tcga	90	gpc3tft
vae	978124	real	0.16260162601626016	2084	15.0618	tcga	90	gpc3tft
dae	165158	real	0.013008130081300813	5	15.9592	tcga	6	gpc3tft
dae	451283	real	0.013008130081300813	1	15.3776	tcga	6	gpc3tft
dae	486191	real	0.00975609756097561	7	10.6048	tcga	6	gpc3tft
dae	908341	real	0.0032520325203252032	28	10.4508	tcga	6	gpc3tft
dae	978124	real	0.0065040650406504065	14	8.81155	tcga	6	gpc3tft
ica	165158	real	0.01951219512195122	35	14.3624	tcga	6	gpc3tft
ica	451283	real	0.01951219512195122	36	14.3567	tcga	6	gpc3tft
ica	486191	real	0.01951219512195122	57	14.1855	tcga	6	gpc3tft
ica	908341	real	0.01951219512195122	43	14.3454	tcga	6	gpc3tft
ica	978124	real	0.01951219512195122	54	14.3553	tcga	6	gpc3tft
nmf	165158	real	0.014634146341463415	85	16.1646	tcga	6	gpc3tft
nmf	451283	real	0.014634146341463415	86	16.1646	tcga	6	gpc3tft
nmf	486191	real	0.014634146341463415	87	16.1646	tcga	6	gpc3tft
nmf	908341	real	0.014634146341463415	88	16.1646	tcga	6	gpc3tft
nmf	978124	real	0.014634146341463415	89	16.1646	tcga	6	gpc3tft
pca	165158	real	0.01951219512195122	95	18.019000000000002	tcga	6	gpc3tft
pca	451283	real	0.01951219512195122	96	18.019000000000002	tcga	6	gpc3tft
pca	486191	real	0.01951219512195122	97	18.019000000000002	tcga	6	gpc3tft
pca	908341	real	0.01951219512195122	98	18.019000000000002	tcga	6	gpc3tft
pca	978124	real	0.01951219512195122	99	18.019000000000002	tcga	6	gpc3tft
vae	165158	real	0.016260162601626018	135	12.1223	tcga	6	gpc3tft
vae	451283	real	0.014634146341463415	131	18.801	tcga	6	gpc3tft
vae	486191	real	0.01788617886178862	132	15.0456	tcga	6	gpc3tft
vae	908341	real	0.01951219512195122	148	11.5161	tcga	6	gpc3tft
vae	978124	real	0.01788617886178862	149	15.4819	tcga	6	gpc3tft
dae	165158	real	0.013008130081300813	25	16.5088	tcga	7	gpc3tft
dae	451283	real	0.013008130081300813	26	9.74196	tcga	7	gpc3tft
dae	486191	real	0.00975609756097561	12	11.7045	tcga	7	gpc3tft
dae	908341	real	0.011382113821138212	13	9.473519999999999	tcga	7	gpc3tft
dae	978124	real	0.014634146341463415	19	15.6271	tcga	7	gpc3tft
ica	165158	real	0.022764227642276424	45	19.7918	tcga	7	gpc3tft
ica	451283	real	0.022764227642276424	51	19.7565	tcga	7	gpc3tft
ica	486191	real	0.022764227642276424	57	19.7701	tcga	7	gpc3tft
ica	908341	real	0.022764227642276424	63	12.4388	tcga	7	gpc3tft
ica	978124	real	0.022764227642276424	39	16.0869	tcga	7	gpc3tft
nmf	165158	real	0.01951219512195122	100	21.2348	tcga	7	gpc3tft
nmf	451283	real	0.01951219512195122	101	21.2348	tcga	7	gpc3tft
nmf	486191	real	0.01951219512195122	102	21.235	tcga	7	gpc3tft
nmf	908341	real	0.01951219512195122	103	21.2351	tcga	7	gpc3tft
nmf	978124	real	0.01951219512195122	104	21.2349	tcga	7	gpc3tft
pca	165158	real	0.022764227642276424	110	18.019000000000002	tcga	7	gpc3tft
pca	451283	real	0.022764227642276424	111	18.019000000000002	tcga	7	gpc3tft
pca	486191	real	0.022764227642276424	112	18.019000000000002	tcga	7	gpc3tft
pca	908341	real	0.022764227642276424	113	18.019000000000002	tcga	7	gpc3tft
pca	978124	real	0.022764227642276424	114	18.019000000000002	tcga	7	gpc3tft
vae	165158	real	0.01951219512195122	155	23.7672	tcga	7	gpc3tft
vae	451283	real	0.01951219512195122	146	12.9919	tcga	7	gpc3tft
vae	486191	real	0.01951219512195122	162	14.4111	tcga	7	gpc3tft
vae	908341	real	0.01951219512195122	163	33.5197	tcga	7	gpc3tft
vae	978124	real	0.02113821138211382	149	16.5911	tcga	7	gpc3tft
dae	165158	real	0.01951219512195122	75	11.5037	tcga	16	gpc3tft
dae	451283	real	0.027642276422764227	1	13.4116	tcga	16	gpc3tft
dae	486191	real	0.01951219512195122	52	19.7996	tcga	16	gpc3tft
dae	908341	real	0.01788617886178862	63	13.5614	tcga	16	gpc3tft
dae	978124	real	0.013008130081300813	44	10.2296	tcga	16	gpc3tft
ica	165158	real	0.04878048780487805	130	22.468000000000004	tcga	16	gpc3tft
ica	451283	real	0.04878048780487805	141	22.4175	tcga	16	gpc3tft
ica	486191	real	0.04878048780487805	112	22.6964	tcga	16	gpc3tft
ica	908341	real	0.05203252032520325	123	16.529	tcga	16	gpc3tft
ica	978124	real	0.04552845528455285	114	18.6191	tcga	16	gpc3tft
nmf	165158	real	0.04065040650406504	190	23.3548	tcga	16	gpc3tft
nmf	451283	real	0.04065040650406504	191	23.3549	tcga	16	gpc3tft
nmf	486191	real	0.04065040650406504	192	23.3552	tcga	16	gpc3tft
nmf	908341	real	0.04065040650406504	193	23.3545	tcga	16	gpc3tft
nmf	978124	real	0.04065040650406504	194	23.3548	tcga	16	gpc3tft
pca	165158	real	0.05040650406504065	245	18.019000000000002	tcga	16	gpc3tft
pca	451283	real	0.05040650406504065	246	18.019000000000002	tcga	16	gpc3tft
pca	486191	real	0.05040650406504065	247	18.019000000000002	tcga	16	gpc3tft
pca	908341	real	0.05040650406504065	248	18.019000000000002	tcga	16	gpc3tft
pca	978124	real	0.05040650406504065	249	18.019000000000002	tcga	16	gpc3tft
vae	165158	real	0.04390243902439024	325	16.6371	tcga	16	gpc3tft
vae	451283	real	0.03739837398373984	391	13.324000000000002	tcga	16	gpc3tft
vae	486191	real	0.04065040650406504	387	18.4509	tcga	16	gpc3tft
vae	908341	real	0.03739837398373984	383	13.0655	tcga	16	gpc3tft
vae	978124	real	0.04227642276422764	374	17.4536	tcga	16	gpc3tft
dae	165158	real	0.25853658536585367	350	19.9675	tcga	200	gpc3tft
dae	451283	real	0.24065040650406505	496	15.1714	tcga	200	gpc3tft
dae	486191	real	0.23089430894308943	747	14.2955	tcga	200	gpc3tft
dae	908341	real	0.23414634146341465	578	21.8824	tcga	200	gpc3tft
dae	978124	real	0.24878048780487805	159	21.9558	tcga	200	gpc3tft
ica	165158	real	0.4211382113821138	1550	36.7068	tcga	200	gpc3tft
ica	451283	real	0.42276422764227645	1796	31.7552	tcga	200	gpc3tft
ica	486191	real	0.43089430894308944	1227	28.0509	tcga	200	gpc3tft
ica	908341	real	0.42601626016260163	1983	28.0134	tcga	200	gpc3tft
ica	978124	real	0.43577235772357725	1994	26.28	tcga	200	gpc3tft
nmf	165158	real	0.35121951219512193	2695	86.6678	tcga	200	gpc3tft
nmf	451283	real	0.34959349593495936	2696	162.149	tcga	200	gpc3tft
nmf	486191	real	0.3463414634146341	2697	180.855	tcga	200	gpc3tft
nmf	908341	real	0.35609756097560974	2698	101.43	tcga	200	gpc3tft
nmf	978124	real	0.37398373983739835	2699	111.584	tcga	200	gpc3tft
pca	165158	real	0.42276422764227645	3005	18.019000000000002	tcga	200	gpc3tft
pca	451283	real	0.42601626016260163	3006	18.019000000000002	tcga	200	gpc3tft
pca	486191	real	0.424390243902439	3007	18.019000000000002	tcga	200	gpc3tft
pca	908341	real	0.4146341463414634	3008	18.019000000000002	tcga	200	gpc3tft
pca	978124	real	0.4276422764227642	3009	18.019000000000002	tcga	200	gpc3tft
vae	165158	real	0.2894308943089431	4245	22.2995	tcga	200	gpc3tft
vae	451283	real	0.2731707317073171	4781	18.0426	tcga	200	gpc3tft
vae	486191	real	0.28292682926829266	4047	17.5404	tcga	200	gpc3tft
vae	908341	real	0.2601626016260163	4458	19.9809	tcga	200	gpc3tft
vae	978124	real	0.26666666666666666	4744	19.9028	tcga	200	gpc3tft
dae	165158	real	0.01951219512195122	30	12.669	tcga	12	gpc3tft
dae	451283	real	0.016260162601626018	26	15.6083	tcga	12	gpc3tft
dae	486191	real	0.013008130081300813	22	10.0008	tcga	12	gpc3tft
dae	908341	real	0.00975609756097561	43	10.3084	tcga	12	gpc3tft
dae	978124	real	0.014634146341463415	59	15.7814	tcga	12	gpc3tft
ica	165158	real	0.03902439024390244	65	16.4841	tcga	12	gpc3tft
ica	451283	real	0.03902439024390244	91	16.4234	tcga	12	gpc3tft
ica	486191	real	0.03902439024390244	87	16.4324	tcga	12	gpc3tft
ica	908341	real	0.03902439024390244	78	16.4328	tcga	12	gpc3tft
ica	978124	real	0.03902439024390244	89	16.2874	tcga	12	gpc3tft
nmf	165158	real	0.026016260162601626	150	23.2013	tcga	12	gpc3tft
nmf	451283	real	0.026016260162601626	151	23.2009	tcga	12	gpc3tft
nmf	486191	real	0.026016260162601626	152	23.2009	tcga	12	gpc3tft
nmf	908341	real	0.026016260162601626	153	23.2009	tcga	12	gpc3tft
nmf	978124	real	0.026016260162601626	154	23.201	tcga	12	gpc3tft
pca	165158	real	0.03902439024390244	185	18.019000000000002	tcga	12	gpc3tft
pca	451283	real	0.03902439024390244	186	18.019000000000002	tcga	12	gpc3tft
pca	486191	real	0.03902439024390244	187	18.019000000000002	tcga	12	gpc3tft
pca	908341	real	0.03902439024390244	188	18.019000000000002	tcga	12	gpc3tft
pca	978124	real	0.03902439024390244	189	18.019000000000002	tcga	12	gpc3tft
vae	165158	real	0.03414634146341464	270	17.9895	tcga	12	gpc3tft
vae	451283	real	0.03414634146341464	276	17.3672	tcga	12	gpc3tft
vae	486191	real	0.032520325203252036	262	17.7023	tcga	12	gpc3tft
vae	908341	real	0.03414634146341464	293	16.1535	tcga	12	gpc3tft
vae	978124	real	0.02926829268292683	249	27.3651	tcga	12	gpc3tft
dae	165158	real	0.07642276422764227	45	18.3283	tcga	50	gpc3tft
dae	451283	real	0.08617886178861789	176	20.342	tcga	50	gpc3tft
dae	486191	real	0.08292682926829269	102	15.2152	tcga	50	gpc3tft
dae	908341	real	0.07317073170731707	43	16.0976	tcga	50	gpc3tft
dae	978124	real	0.08455284552845528	119	13.8674	tcga	50	gpc3tft
ica	165158	real	0.13658536585365855	385	19.9427	tcga	50	gpc3tft
ica	451283	real	0.13821138211382114	386	22.271	tcga	50	gpc3tft
ica	486191	real	0.14471544715447154	322	21.0297	tcga	50	gpc3tft
ica	908341	real	0.13821138211382114	473	20.2798	tcga	50	gpc3tft
ica	978124	real	0.13821138211382114	454	21.0899	tcga	50	gpc3tft
nmf	165158	real	0.1040650406504065	620	30.0351	tcga	50	gpc3tft
nmf	451283	real	0.11219512195121951	626	39.1159	tcga	50	gpc3tft
nmf	486191	real	0.11707317073170732	627	29.3261	tcga	50	gpc3tft
nmf	908341	real	0.1040650406504065	628	34.2454	tcga	50	gpc3tft
nmf	978124	real	0.11382113821138211	629	34.525999999999996	tcga	50	gpc3tft
pca	165158	real	0.13658536585365855	755	18.019000000000002	tcga	50	gpc3tft
pca	451283	real	0.13495934959349593	756	18.019000000000002	tcga	50	gpc3tft
pca	486191	real	0.13658536585365855	757	18.019000000000002	tcga	50	gpc3tft
pca	908341	real	0.13658536585365855	758	18.019000000000002	tcga	50	gpc3tft
pca	978124	real	0.13821138211382114	759	18.019000000000002	tcga	50	gpc3tft
vae	165158	real	0.1073170731707317	1060	18.7764	tcga	50	gpc3tft
vae	451283	real	0.11056910569105691	1141	17.0247	tcga	50	gpc3tft
vae	486191	real	0.0975609756097561	1012	17.4025	tcga	50	gpc3tft
vae	908341	real	0.11219512195121951	1043	17.1768	tcga	50	gpc3tft
vae	978124	real	0.0975609756097561	1019	16.2846	tcga	50	gpc3tft
dae	165158	real	0.008130081300813009	20	9.05417	tcga	10	gpc3tft
dae	451283	real	0.014634146341463415	11	16.1001	tcga	10	gpc3tft
dae	486191	real	0.01788617886178862	42	16.1913	tcga	10	gpc3tft
dae	908341	real	0.01788617886178862	8	16.8504	tcga	10	gpc3tft
dae	978124	real	0.013008130081300813	44	16.1052	tcga	10	gpc3tft
ica	165158	real	0.030894308943089432	60	19.143	tcga	10	gpc3tft
ica	451283	real	0.030894308943089432	56	19.2074	tcga	10	gpc3tft
ica	486191	real	0.030894308943089432	97	19.3128	tcga	10	gpc3tft
ica	908341	real	0.030894308943089432	78	16.6411	tcga	10	gpc3tft
ica	978124	real	0.030894308943089432	64	19.2254	tcga	10	gpc3tft
nmf	165158	real	0.026016260162601626	130	22.3982	tcga	10	gpc3tft
nmf	451283	real	0.026016260162601626	131	22.3983	tcga	10	gpc3tft
nmf	486191	real	0.026016260162601626	132	22.3982	tcga	10	gpc3tft
nmf	908341	real	0.026016260162601626	133	22.3982	tcga	10	gpc3tft
nmf	978124	real	0.026016260162601626	134	22.3982	tcga	10	gpc3tft
pca	165158	real	0.032520325203252036	155	18.019000000000002	tcga	10	gpc3tft
pca	451283	real	0.032520325203252036	156	18.019000000000002	tcga	10	gpc3tft
pca	486191	real	0.032520325203252036	157	18.019000000000002	tcga	10	gpc3tft
pca	908341	real	0.032520325203252036	158	18.019000000000002	tcga	10	gpc3tft
pca	978124	real	0.032520325203252036	159	18.019000000000002	tcga	10	gpc3tft
vae	165158	real	0.024390243902439025	205	14.3834	tcga	10	gpc3tft
vae	451283	real	0.02926829268292683	206	17.0799	tcga	10	gpc3tft
vae	486191	real	0.026016260162601626	202	15.5446	tcga	10	gpc3tft
vae	908341	real	0.026016260162601626	208	13.4505	tcga	10	gpc3tft
vae	978124	real	0.026016260162601626	204	15.0828	tcga	10	gpc3tft
dae	165158	real	0.17560975609756097	540	14.6527	tcga	125	gpc3tft
dae	451283	real	0.183739837398374	66	17.8101	tcga	125	gpc3tft
dae	486191	real	0.17886178861788618	612	15.2711	tcga	125	gpc3tft
dae	908341	real	0.16585365853658537	38	17.5465	tcga	125	gpc3tft
dae	978124	real	0.16097560975609757	204	21.1162	tcga	125	gpc3tft
ica	165158	real	0.2926829268292683	920	16.3995	tcga	125	gpc3tft
ica	451283	real	0.2991869918699187	1036	21.7478	tcga	125	gpc3tft
ica	486191	real	0.28292682926829266	1147	22.7378	tcga	125	gpc3tft
ica	908341	real	0.2926829268292683	638	24.1413	tcga	125	gpc3tft
ica	978124	real	0.2991869918699187	919	21.7172	tcga	125	gpc3tft
nmf	165158	real	0.23902439024390243	1370	40.6233	tcga	125	gpc3tft
nmf	451283	real	0.24390243902439024	1371	39.7391	tcga	125	gpc3tft
nmf	486191	real	0.23577235772357724	1372	41.5093	tcga	125	gpc3tft
nmf	908341	real	0.22764227642276422	1378	42.1962	tcga	125	gpc3tft
nmf	978124	real	0.23252032520325203	1374	42.5928	tcga	125	gpc3tft
pca	165158	real	0.2910569105691057	1880	18.019000000000002	tcga	125	gpc3tft
pca	451283	real	0.2926829268292683	1881	18.019000000000002	tcga	125	gpc3tft
pca	486191	real	0.2926829268292683	1882	18.019000000000002	tcga	125	gpc3tft
pca	908341	real	0.2943089430894309	1883	18.019000000000002	tcga	125	gpc3tft
pca	978124	real	0.2975609756097561	1884	18.019000000000002	tcga	125	gpc3tft
vae	165158	real	0.2016260162601626	3000	19.3523	tcga	125	gpc3tft
vae	451283	real	0.1902439024390244	2901	22.1568	tcga	125	gpc3tft
vae	486191	real	0.18699186991869918	2872	17.6807	tcga	125	gpc3tft
vae	908341	real	0.1967479674796748	2808	19.5352	tcga	125	gpc3tft
vae	978124	real	0.19349593495934958	2854	16.2161	tcga	125	gpc3tft
dae	165158	real	0.032520325203252036	40	13.3186	tcga	20	gpc3tft
dae	451283	real	0.016260162601626018	76	9.913860000000001	tcga	20	gpc3tft
dae	486191	real	0.02113821138211382	42	15.7394	tcga	20	gpc3tft
dae	908341	real	0.01951219512195122	43	12.0719	tcga	20	gpc3tft
dae	978124	real	0.02926829268292683	29	14.5008	tcga	20	gpc3tft
ica	165158	real	0.06016260162601626	110	29.1244	tcga	20	gpc3tft
ica	451283	real	0.06016260162601626	181	25.4305	tcga	20	gpc3tft
ica	486191	real	0.06016260162601626	187	22.1534	tcga	20	gpc3tft
ica	908341	real	0.05853658536585366	143	25.8266	tcga	20	gpc3tft
ica	978124	real	0.05853658536585366	134	22.4529	tcga	20	gpc3tft
nmf	165158	real	0.04715447154471545	230	26.0095	tcga	20	gpc3tft
nmf	451283	real	0.04715447154471545	231	26.0831	tcga	20	gpc3tft
nmf	486191	real	0.04715447154471545	232	26.1081	tcga	20	gpc3tft
nmf	908341	real	0.04715447154471545	233	26.0545	tcga	20	gpc3tft
nmf	978124	real	0.04878048780487805	234	26.1791	tcga	20	gpc3tft
pca	165158	real	0.06341463414634146	305	18.019000000000002	tcga	20	gpc3tft
pca	451283	real	0.06341463414634146	306	18.019000000000002	tcga	20	gpc3tft
pca	486191	real	0.061788617886178863	307	18.019000000000002	tcga	20	gpc3tft
pca	908341	real	0.06341463414634146	308	18.019000000000002	tcga	20	gpc3tft
pca	978124	real	0.06341463414634146	309	18.019000000000002	tcga	20	gpc3tft
vae	165158	real	0.04878048780487805	405	12.9044	tcga	20	gpc3tft
vae	451283	real	0.04715447154471545	401	15.1656	tcga	20	gpc3tft
vae	486191	real	0.05365853658536585	437	11.5807	tcga	20	gpc3tft
vae	908341	real	0.055284552845528454	483	15.2156	tcga	20	gpc3tft
vae	978124	real	0.061788617886178863	429	19.3425	tcga	20	gpc3tft
dae	165158	real	0.0032520325203252032	5	10.1988	tcga	3	gpc3tft
dae	451283	real	0.0065040650406504065	11	8.67859	tcga	3	gpc3tft
dae	486191	real	0.0065040650406504065	7	8.785810000000001	tcga	3	gpc3tft
dae	908341	real	0.00975609756097561	13	8.95861	tcga	3	gpc3tft
dae	978124	real	0.0032520325203252032	14	10.2329	tcga	3	gpc3tft
ica	165158	real	0.00975609756097561	25	21.2946	tcga	3	gpc3tft
ica	451283	real	0.00975609756097561	21	21.3576	tcga	3	gpc3tft
ica	486191	real	0.00975609756097561	17	21.3636	tcga	3	gpc3tft
ica	908341	real	0.00975609756097561	18	21.3314	tcga	3	gpc3tft
ica	978124	real	0.00975609756097561	19	21.4636	tcga	3	gpc3tft
nmf	165158	real	0.008130081300813009	30	24.5427	tcga	3	gpc3tft
nmf	451283	real	0.008130081300813009	31	24.5425	tcga	3	gpc3tft
nmf	486191	real	0.008130081300813009	32	24.5427	tcga	3	gpc3tft
nmf	908341	real	0.008130081300813009	33	24.5428	tcga	3	gpc3tft
nmf	978124	real	0.008130081300813009	34	24.5427	tcga	3	gpc3tft
pca	165158	real	0.00975609756097561	50	18.019000000000002	tcga	3	gpc3tft
pca	451283	real	0.00975609756097561	51	18.019000000000002	tcga	3	gpc3tft
pca	486191	real	0.00975609756097561	52	18.019000000000002	tcga	3	gpc3tft
pca	908341	real	0.00975609756097561	53	18.019000000000002	tcga	3	gpc3tft
pca	978124	real	0.00975609756097561	54	18.019000000000002	tcga	3	gpc3tft
vae	165158	real	0.008130081300813009	65	14.069	tcga	3	gpc3tft
vae	451283	real	0.008130081300813009	61	17.4738	tcga	3	gpc3tft
vae	486191	real	0.008130081300813009	72	13.2875	tcga	3	gpc3tft
vae	908341	real	0.008130081300813009	68	13.5984	tcga	3	gpc3tft
vae	978124	real	0.008130081300813009	74	13.2471	tcga	3	gpc3tft
