dataset_id	num_comp	data_type	shuffled	seed	algorithm	reconstruction_cost
TCGA	10	training	False	243221	PCA	1881.03731272073
TCGA	10	training	False	476525	PCA	1881.03789444062
TCGA	10	training	False	246711	PCA	1881.03734114822
TCGA	10	training	False	622300	PCA	1881.0361898132
TCGA	10	training	False	391415	PCA	1881.03622453085
TCGA	10	testing	False	243221	PCA	2874.72998067999
TCGA	10	testing	False	476525	PCA	2874.72296595169
TCGA	10	testing	False	246711	PCA	2874.73030741583
TCGA	10	testing	False	622300	PCA	2874.72925501063
TCGA	10	testing	False	391415	PCA	2874.72720568177
TCGA	10	training	False	243221	ICA	1881.03670076436
TCGA	10	training	False	476525	ICA	1881.03670076436
TCGA	10	training	False	246711	ICA	1881.03670076436
TCGA	10	training	False	622300	ICA	1881.03670076436
TCGA	10	training	False	391415	ICA	1881.03670076436
TCGA	10	testing	False	243221	ICA	2874.7284888842
TCGA	10	testing	False	476525	ICA	2874.7284888842
TCGA	10	testing	False	246711	ICA	2874.7284888842
TCGA	10	testing	False	622300	ICA	2874.7284888842
TCGA	10	testing	False	391415	ICA	2874.7284888842
TCGA	10	training	False	243221	NMF	1864.50226329947
TCGA	10	training	False	476525	NMF	1864.50226889105
TCGA	10	training	False	246711	NMF	1864.50226927048
TCGA	10	training	False	622300	NMF	1864.50226684204
TCGA	10	training	False	391415	NMF	1864.50227388252
TCGA	10	testing	False	243221	NMF	2594.22770493609
TCGA	10	testing	False	476525	NMF	2594.2277218402
TCGA	10	testing	False	246711	NMF	2594.22771653355
TCGA	10	testing	False	622300	NMF	2594.22770692007
TCGA	10	testing	False	391415	NMF	2594.22771436383
TCGA	10	training	False	243221	VAE	1849.32913299499
TCGA	10	training	False	476525	VAE	1848.44062982374
TCGA	10	training	False	246711	VAE	1848.43832437061
TCGA	10	training	False	622300	VAE	1848.34323279328
TCGA	10	training	False	391415	VAE	1848.25514078312
TCGA	10	testing	False	243221	VAE	2635.99106651571
TCGA	10	testing	False	476525	VAE	2635.30146677063
TCGA	10	testing	False	246711	VAE	2634.19770452198
TCGA	10	testing	False	622300	VAE	2632.55026002657
TCGA	10	testing	False	391415	VAE	2632.63806760285
TCGA	10	training	False	243221	DAE	1875.38780078248
TCGA	10	training	False	476525	DAE	1875.35882109642
TCGA	10	training	False	246711	DAE	1875.36214657418
TCGA	10	training	False	622300	DAE	1897.15123800531
TCGA	10	training	False	391415	DAE	1862.90399800291
TCGA	10	testing	False	243221	DAE	2688.39970047802
TCGA	10	testing	False	476525	DAE	2686.62960604798
TCGA	10	testing	False	246711	DAE	2687.41364894354
TCGA	10	testing	False	622300	DAE	2724.74715562123
TCGA	10	testing	False	391415	DAE	2664.29125438015
TCGA	100	training	False	956763	DAE	1806.78132906263
TCGA	100	training	False	798522	DAE	1810.44899994988
TCGA	100	training	False	536409	DAE	1809.12131911697
TCGA	100	training	False	685495	DAE	1811.94425169542
TCGA	100	training	False	861208	DAE	1810.19132595166
TCGA	100	testing	False	956763	DAE	2544.99416820784
TCGA	100	testing	False	798522	DAE	2552.62540301535
TCGA	100	testing	False	536409	DAE	2550.41778996922
TCGA	100	testing	False	685495	DAE	2555.72885021929
TCGA	100	testing	False	861208	DAE	2552.26042690713
TCGA	100	training	False	956763	ICA	1834.18296307131
TCGA	100	training	False	798522	ICA	1834.18296307131
TCGA	100	training	False	536409	ICA	1834.18296307131
TCGA	100	training	False	685495	ICA	1834.18296307131
TCGA	100	training	False	861208	ICA	1834.18296307131
TCGA	100	testing	False	956763	ICA	2636.13768545144
TCGA	100	testing	False	798522	ICA	2636.13768545144
TCGA	100	testing	False	536409	ICA	2636.13768545144
TCGA	100	testing	False	685495	ICA	2636.13768545144
TCGA	100	testing	False	861208	ICA	2636.13768545144
TCGA	100	training	False	956763	NMF	1812.65583283682
TCGA	100	training	False	798522	NMF	1812.83958855934
TCGA	100	training	False	536409	NMF	1812.81281137103
TCGA	100	training	False	685495	NMF	1812.73707389336
TCGA	100	training	False	861208	NMF	1812.94950534089
TCGA	100	testing	False	956763	NMF	2499.95241105079
TCGA	100	testing	False	798522	NMF	2500.50114905673
TCGA	100	testing	False	536409	NMF	2500.20971832116
TCGA	100	testing	False	685495	NMF	2500.12027198332
TCGA	100	testing	False	861208	NMF	2500.26406899191
TCGA	100	training	False	956763	PCA	1834.23697348085
TCGA	100	training	False	798522	PCA	1834.28630877292
TCGA	100	training	False	536409	PCA	1834.26041492279
TCGA	100	training	False	685495	PCA	1834.19107397291
TCGA	100	training	False	861208	PCA	1834.18500242316
TCGA	100	testing	False	956763	PCA	2636.33554081458
TCGA	100	testing	False	798522	PCA	2636.64826662815
TCGA	100	testing	False	536409	PCA	2632.1698891304
TCGA	100	testing	False	685495	PCA	2634.77759418168
TCGA	100	testing	False	861208	PCA	2633.03604070092
TCGA	100	training	False	956763	VAE	1808.72931977704
TCGA	100	training	False	798522	VAE	1807.53557470745
TCGA	100	training	False	536409	VAE	1807.62482190795
TCGA	100	training	False	685495	VAE	1807.43376456465
TCGA	100	training	False	861208	VAE	1809.21265320382
TCGA	100	testing	False	956763	VAE	2532.82016538682
TCGA	100	testing	False	798522	VAE	2508.32218441291
TCGA	100	testing	False	536409	VAE	2518.79648287945
TCGA	100	testing	False	685495	VAE	2507.8218699673
TCGA	100	testing	False	861208	VAE	2528.3564944562
TCGA	12	training	False	87129	DAE	1857.98743403774
TCGA	12	training	False	549597	DAE	1897.12695929407
TCGA	12	training	False	409894	DAE	1912.59560091272
TCGA	12	training	False	815030	DAE	1875.34679612035
TCGA	12	training	False	667989	DAE	1912.62271620751
TCGA	12	testing	False	87129	DAE	2655.89430144891
TCGA	12	testing	False	549597	DAE	2722.56701962577
TCGA	12	testing	False	409894	DAE	2752.22718670739
TCGA	12	testing	False	815030	DAE	2686.22354735455
TCGA	12	testing	False	667989	DAE	2756.55970221723
TCGA	12	training	False	87129	ICA	1874.66358600828
TCGA	12	training	False	549597	ICA	1874.66358600828
TCGA	12	training	False	409894	ICA	1874.66358600828
TCGA	12	training	False	815030	ICA	1874.66358600828
TCGA	12	training	False	667989	ICA	1874.66358600828
TCGA	12	testing	False	87129	ICA	2868.05091296728
TCGA	12	testing	False	549597	ICA	2868.05091296728
TCGA	12	testing	False	409894	ICA	2868.05091296728
TCGA	12	testing	False	815030	ICA	2868.05091296728
TCGA	12	testing	False	667989	ICA	2868.05091296728
TCGA	12	training	False	87129	NMF	1857.34774169312
TCGA	12	training	False	549597	NMF	1857.34760349512
TCGA	12	training	False	409894	NMF	1857.34852686717
TCGA	12	training	False	815030	NMF	1857.34851693487
TCGA	12	training	False	667989	NMF	1857.34847335602
TCGA	12	testing	False	87129	NMF	2581.18074652589
TCGA	12	testing	False	549597	NMF	2581.18054511391
TCGA	12	testing	False	409894	NMF	2581.1820284984
TCGA	12	testing	False	815030	NMF	2581.18201617377
TCGA	12	testing	False	667989	NMF	2581.18191416735
TCGA	12	training	False	87129	PCA	1874.66358258742
TCGA	12	training	False	549597	PCA	1874.66497702852
TCGA	12	training	False	409894	PCA	1874.66368405216
TCGA	12	training	False	815030	PCA	1874.66304518084
TCGA	12	training	False	667989	PCA	1874.66328162801
TCGA	12	testing	False	87129	PCA	2868.06307162426
TCGA	12	testing	False	549597	PCA	2868.04449415631
TCGA	12	testing	False	409894	PCA	2868.06016563346
TCGA	12	testing	False	815030	PCA	2868.04577185069
TCGA	12	testing	False	667989	PCA	2868.04850066376
TCGA	12	training	False	87129	VAE	1843.43784864929
TCGA	12	training	False	549597	VAE	1844.09628131817
TCGA	12	training	False	409894	VAE	1843.54139735533
TCGA	12	training	False	815030	VAE	1843.13943802162
TCGA	12	training	False	667989	VAE	1843.90597090583
TCGA	12	testing	False	87129	VAE	2625.06431119748
TCGA	12	testing	False	549597	VAE	2624.94035391212
TCGA	12	testing	False	409894	VAE	2625.3585203046
TCGA	12	testing	False	815030	VAE	2622.14969725498
TCGA	12	testing	False	667989	VAE	2622.30748534044
TCGA	125	training	False	659079	DAE	1804.63600036456
TCGA	125	training	False	361513	DAE	1804.62882416072
TCGA	125	training	False	723756	DAE	1807.41090315828
TCGA	125	training	False	624248	DAE	1805.00124738795
TCGA	125	training	False	742232	DAE	1804.70709097086
TCGA	125	testing	False	659079	DAE	2538.98990511102
TCGA	125	testing	False	361513	DAE	2541.25065581909
TCGA	125	testing	False	723756	DAE	2546.40861959131
TCGA	125	testing	False	624248	DAE	2540.42027870736
TCGA	125	testing	False	742232	DAE	2538.95440903343
TCGA	125	training	False	659079	ICA	1831.10506381646
TCGA	125	training	False	361513	ICA	1831.10506381646
TCGA	125	training	False	723756	ICA	1831.10506381646
TCGA	125	training	False	624248	ICA	1831.10506381646
TCGA	125	training	False	742232	ICA	1831.10506381646
TCGA	125	testing	False	659079	ICA	2609.21016972977
TCGA	125	testing	False	361513	ICA	2609.21016972977
TCGA	125	testing	False	723756	ICA	2609.21016972977
TCGA	125	testing	False	624248	ICA	2609.21016972977
TCGA	125	testing	False	742232	ICA	2609.21016972977
TCGA	125	training	False	659079	NMF	1809.55271680105
TCGA	125	training	False	361513	NMF	1809.62543090485
TCGA	125	training	False	723756	NMF	1809.69052268092
TCGA	125	training	False	624248	NMF	1809.87995971956
TCGA	125	training	False	742232	NMF	1809.7155684247
TCGA	125	testing	False	659079	NMF	2494.44600581337
TCGA	125	testing	False	361513	NMF	2494.38921398244
TCGA	125	testing	False	723756	NMF	2494.57135835121
TCGA	125	testing	False	624248	NMF	2494.95172525951
TCGA	125	testing	False	742232	NMF	2494.72023337046
TCGA	125	training	False	659079	PCA	1831.14469888054
TCGA	125	training	False	361513	PCA	1831.21052707968
TCGA	125	training	False	723756	PCA	1831.20231600046
TCGA	125	training	False	624248	PCA	1831.24473883999
TCGA	125	training	False	742232	PCA	1831.1375168577
TCGA	125	testing	False	659079	PCA	2603.92885308665
TCGA	125	testing	False	361513	PCA	2608.2497437836
TCGA	125	testing	False	723756	PCA	2609.40258886223
TCGA	125	testing	False	624248	PCA	2611.79127232448
TCGA	125	testing	False	742232	PCA	2607.12872518109
TCGA	125	training	False	659079	VAE	1810.19122652064
TCGA	125	training	False	361513	VAE	1810.22947151107
TCGA	125	training	False	723756	VAE	1810.82077372398
TCGA	125	training	False	624248	VAE	1810.36527962995
TCGA	125	training	False	742232	VAE	1810.4055430864
TCGA	125	testing	False	659079	VAE	2516.96420244795
TCGA	125	testing	False	361513	VAE	2521.34586918187
TCGA	125	testing	False	723756	VAE	2520.55594341848
TCGA	125	testing	False	624248	VAE	2516.88145094397
TCGA	125	testing	False	742232	VAE	2512.96751848103
TCGA	14	training	False	423674	DAE	1862.62893750105
TCGA	14	training	False	537458	DAE	1862.53433799187
TCGA	14	training	False	884017	DAE	1868.12349039919
TCGA	14	training	False	508159	DAE	1897.15153404751
TCGA	14	training	False	645849	DAE	1884.19803743983
TCGA	14	testing	False	423674	DAE	2663.37650500052
TCGA	14	testing	False	537458	DAE	2664.33096444436
TCGA	14	testing	False	884017	DAE	2675.91197403568
TCGA	14	testing	False	508159	DAE	2723.55434079257
TCGA	14	testing	False	645849	DAE	2703.31252699305
TCGA	14	training	False	423674	ICA	1870.73678700331
TCGA	14	training	False	537458	ICA	1870.73678700331
TCGA	14	training	False	884017	ICA	1870.73678700331
TCGA	14	training	False	508159	ICA	1870.73678700331
TCGA	14	training	False	645849	ICA	1870.73678700331
TCGA	14	testing	False	423674	ICA	2867.6544924264
TCGA	14	testing	False	537458	ICA	2867.6544924264
TCGA	14	testing	False	884017	ICA	2867.6544924264
TCGA	14	testing	False	508159	ICA	2867.6544924264
TCGA	14	testing	False	645849	ICA	2867.6544924264
TCGA	14	training	False	423674	NMF	1853.18802964583
TCGA	14	training	False	537458	NMF	1853.18810989934
TCGA	14	training	False	884017	NMF	1853.18823664395
TCGA	14	training	False	508159	NMF	1853.18812624665
TCGA	14	training	False	645849	NMF	1853.18810697732
TCGA	14	testing	False	423674	NMF	2573.94534893835
TCGA	14	testing	False	537458	NMF	2573.94551153015
TCGA	14	testing	False	884017	NMF	2573.94788537551
TCGA	14	testing	False	508159	NMF	2573.94573867916
TCGA	14	testing	False	645849	NMF	2573.94724113887
TCGA	14	training	False	423674	PCA	1870.73719679496
TCGA	14	training	False	537458	PCA	1870.74026235734
TCGA	14	training	False	884017	PCA	1870.74107991667
TCGA	14	training	False	508159	PCA	1870.73674545615
TCGA	14	training	False	645849	PCA	1870.73616115859
TCGA	14	testing	False	423674	PCA	2867.64808139405
TCGA	14	testing	False	537458	PCA	2867.63861976785
TCGA	14	testing	False	884017	PCA	2867.64920285248
TCGA	14	testing	False	508159	PCA	2867.649955996
TCGA	14	testing	False	645849	PCA	2867.65099077967
TCGA	14	training	False	423674	VAE	1839.48639184006
TCGA	14	training	False	537458	VAE	1840.1240575856
TCGA	14	training	False	884017	VAE	1839.2806276519
TCGA	14	training	False	508159	VAE	1839.4800212421
TCGA	14	training	False	645849	VAE	1839.83451462517
TCGA	14	testing	False	423674	VAE	2616.54555864842
TCGA	14	testing	False	537458	VAE	2614.89398701149
TCGA	14	testing	False	884017	VAE	2615.02904215178
TCGA	14	testing	False	508159	VAE	2613.80375179745
TCGA	14	testing	False	645849	VAE	2613.72471650648
TCGA	150	training	False	254403	DAE	1801.68367221676
TCGA	150	training	False	427081	DAE	1803.60566187975
TCGA	150	training	False	819179	DAE	1802.01914269316
TCGA	150	training	False	529391	DAE	1802.2596138125
TCGA	150	training	False	683678	DAE	1801.50333415058
TCGA	150	testing	False	254403	DAE	2536.11810920219
TCGA	150	testing	False	427081	DAE	2538.1946622818
TCGA	150	testing	False	819179	DAE	2536.86941580283
TCGA	150	testing	False	529391	DAE	2534.51478510393
TCGA	150	testing	False	683678	DAE	2535.7764828233
TCGA	150	training	False	254403	ICA	1828.80119402401
TCGA	150	training	False	427081	ICA	1828.80119402401
TCGA	150	training	False	819179	ICA	1828.80119402401
TCGA	150	training	False	529391	ICA	1828.80119402401
TCGA	150	training	False	683678	ICA	1828.80119402401
TCGA	150	testing	False	254403	ICA	2586.47033952644
TCGA	150	testing	False	427081	ICA	2586.47033952644
TCGA	150	testing	False	819179	ICA	2586.47033952644
TCGA	150	testing	False	529391	ICA	2586.47033952645
TCGA	150	testing	False	683678	ICA	2586.47033952645
TCGA	150	training	False	254403	NMF	1807.63180093842
TCGA	150	training	False	427081	NMF	1807.55287763558
TCGA	150	training	False	819179	NMF	1807.63374219677
TCGA	150	training	False	529391	NMF	1807.55061389606
TCGA	150	training	False	683678	NMF	1807.741804334
TCGA	150	testing	False	254403	NMF	2490.31079738079
TCGA	150	testing	False	427081	NMF	2490.36769346246
TCGA	150	testing	False	819179	NMF	2490.60929773278
TCGA	150	testing	False	529391	NMF	2490.07399996245
TCGA	150	testing	False	683678	NMF	2490.76396615511
TCGA	150	training	False	254403	PCA	1828.89766033465
TCGA	150	training	False	427081	PCA	1828.94664327255
TCGA	150	training	False	819179	PCA	1828.93858468997
TCGA	150	training	False	529391	PCA	1828.93637896735
TCGA	150	training	False	683678	PCA	1828.95386789562
TCGA	150	testing	False	254403	PCA	2585.51082232569
TCGA	150	testing	False	427081	PCA	2589.19970516319
TCGA	150	testing	False	819179	PCA	2587.37017876991
TCGA	150	testing	False	529391	PCA	2586.19113202394
TCGA	150	testing	False	683678	PCA	2589.31814010994
TCGA	150	training	False	254403	VAE	1807.93202735208
TCGA	150	training	False	427081	VAE	1809.22295537067
TCGA	150	training	False	819179	VAE	1808.96346735817
TCGA	150	training	False	529391	VAE	1807.89035275097
TCGA	150	training	False	683678	VAE	1808.07184834182
TCGA	150	testing	False	254403	VAE	2507.31745567159
TCGA	150	testing	False	427081	VAE	2525.51994825454
TCGA	150	testing	False	819179	VAE	2516.84446802504
TCGA	150	testing	False	529391	VAE	2513.19497395816
TCGA	150	testing	False	683678	VAE	2512.51443318581
TCGA	16	training	False	844377	DAE	1868.17882571488
TCGA	16	training	False	870663	DAE	1862.62733547471
TCGA	16	training	False	829693	DAE	1857.80999832472
TCGA	16	training	False	838042	DAE	1875.41247050867
TCGA	16	training	False	876203	DAE	1884.16990514498
TCGA	16	testing	False	844377	DAE	2675.70667258507
TCGA	16	testing	False	870663	DAE	2665.99653995235
TCGA	16	testing	False	829693	DAE	2655.70849959985
TCGA	16	testing	False	838042	DAE	2686.96453176053
TCGA	16	testing	False	876203	DAE	2703.3842829206
TCGA	16	training	False	844377	ICA	1866.74550046404
TCGA	16	training	False	870663	ICA	1866.74550046404
TCGA	16	training	False	829693	ICA	1866.74550046404
TCGA	16	training	False	838042	ICA	1866.74550046404
TCGA	16	training	False	876203	ICA	1866.74550046404
TCGA	16	testing	False	844377	ICA	2863.18053000124
TCGA	16	testing	False	870663	ICA	2863.18053000124
TCGA	16	testing	False	829693	ICA	2863.18053000124
TCGA	16	testing	False	838042	ICA	2863.18053000124
TCGA	16	testing	False	876203	ICA	2863.18053000124
TCGA	16	training	False	844377	NMF	1848.5515164383
TCGA	16	training	False	870663	NMF	1848.5515640427
TCGA	16	training	False	829693	NMF	1848.55145459301
TCGA	16	training	False	838042	NMF	1848.55164121268
TCGA	16	training	False	876203	NMF	1848.55194507483
TCGA	16	testing	False	844377	NMF	2565.33797359006
TCGA	16	testing	False	870663	NMF	2565.3382839097
TCGA	16	testing	False	829693	NMF	2565.33800178921
TCGA	16	testing	False	838042	NMF	2565.33825532786
TCGA	16	testing	False	876203	NMF	2565.33766709465
TCGA	16	training	False	844377	PCA	1866.74838589942
TCGA	16	training	False	870663	PCA	1866.73824658199
TCGA	16	training	False	829693	PCA	1866.74560227673
TCGA	16	training	False	838042	PCA	1866.75533978904
TCGA	16	training	False	876203	PCA	1866.74903599274
TCGA	16	testing	False	844377	PCA	2863.2986194319
TCGA	16	testing	False	870663	PCA	2863.18649447931
TCGA	16	testing	False	829693	PCA	2863.19994731722
TCGA	16	testing	False	838042	PCA	2863.28474813413
TCGA	16	testing	False	876203	PCA	2863.244573031
TCGA	16	training	False	844377	VAE	1836.13820985459
TCGA	16	training	False	870663	VAE	1836.01370502469
TCGA	16	training	False	829693	VAE	1836.26327077878
TCGA	16	training	False	838042	VAE	1835.86847888091
TCGA	16	training	False	876203	VAE	1835.84233527544
TCGA	16	testing	False	844377	VAE	2605.10588458277
TCGA	16	testing	False	870663	VAE	2606.37526391831
TCGA	16	testing	False	829693	VAE	2604.33402111193
TCGA	16	testing	False	838042	VAE	2604.01186990157
TCGA	16	testing	False	876203	VAE	2605.67692185117
TCGA	18	training	False	709139	DAE	1884.13568501798
TCGA	18	training	False	810546	DAE	1868.25228724554
TCGA	18	training	False	815693	DAE	1853.85545687973
TCGA	18	training	False	767735	DAE	1868.22798215034
TCGA	18	training	False	612680	DAE	1875.32121293312
TCGA	18	testing	False	709139	DAE	2704.65916304931
TCGA	18	testing	False	810546	DAE	2675.9782557802
TCGA	18	testing	False	815693	DAE	2649.72228038759
TCGA	18	testing	False	767735	DAE	2674.63811194192
TCGA	18	testing	False	612680	DAE	2686.6725947546
TCGA	18	training	False	709139	ICA	1864.3077085225
TCGA	18	training	False	810546	ICA	1864.3077085225
TCGA	18	training	False	815693	ICA	1864.3077085225
TCGA	18	training	False	767735	ICA	1864.3077085225
TCGA	18	training	False	612680	ICA	1864.3077085225
TCGA	18	testing	False	709139	ICA	2860.77899117053
TCGA	18	testing	False	810546	ICA	2860.77899117053
TCGA	18	testing	False	815693	ICA	2860.77899117053
TCGA	18	testing	False	767735	ICA	2860.77899117053
TCGA	18	testing	False	612680	ICA	2860.77899117053
TCGA	18	training	False	709139	NMF	1845.23106873962
TCGA	18	training	False	810546	NMF	1845.23515842909
TCGA	18	training	False	815693	NMF	1845.23221775861
TCGA	18	training	False	767735	NMF	1845.23166462147
TCGA	18	training	False	612680	NMF	1845.23181187216
TCGA	18	testing	False	709139	NMF	2559.29600658002
TCGA	18	testing	False	810546	NMF	2559.30381786705
TCGA	18	testing	False	815693	NMF	2559.29550861653
TCGA	18	testing	False	767735	NMF	2559.3014865387
TCGA	18	testing	False	612680	NMF	2559.29101358212
TCGA	18	training	False	709139	PCA	1864.31771757681
TCGA	18	training	False	810546	PCA	1864.31080522641
TCGA	18	training	False	815693	PCA	1864.30391734597
TCGA	18	training	False	767735	PCA	1864.30849592889
TCGA	18	training	False	612680	PCA	1864.30836198458
TCGA	18	testing	False	709139	PCA	2860.8333516499
TCGA	18	testing	False	810546	PCA	2860.70946458169
TCGA	18	testing	False	815693	PCA	2860.72420269818
TCGA	18	testing	False	767735	PCA	2860.73934165852
TCGA	18	testing	False	612680	PCA	2860.81646556296
TCGA	18	training	False	709139	VAE	1833.2352293143001
TCGA	18	training	False	810546	VAE	1833.39841956481
TCGA	18	training	False	815693	VAE	1833.77553954487
TCGA	18	training	False	767735	VAE	1833.56194098992
TCGA	18	training	False	612680	VAE	1833.8648957956
TCGA	18	testing	False	709139	VAE	2600.5470386354
TCGA	18	testing	False	810546	VAE	2604.98156150841
TCGA	18	testing	False	815693	VAE	2596.76867072187
TCGA	18	testing	False	767735	VAE	2601.26719539468
TCGA	18	testing	False	612680	VAE	2599.16989468497
TCGA	2	training	False	630060	DAE	1934.45348604316
TCGA	2	training	False	693066	DAE	1934.55538960393
TCGA	2	training	False	313363	DAE	1912.73621305419
TCGA	2	training	False	713701	DAE	1934.47782726977
TCGA	2	training	False	291359	DAE	1934.46962873345
TCGA	2	testing	False	630060	DAE	2793.35104737908
TCGA	2	testing	False	693066	DAE	2793.98480044199
TCGA	2	testing	False	313363	DAE	2754.31762579956
TCGA	2	testing	False	713701	DAE	34181.7346683501
TCGA	2	testing	False	291359	DAE	2791.93191008932
TCGA	2	training	False	630060	ICA	1913.45969059214
TCGA	2	training	False	693066	ICA	1913.45969059214
TCGA	2	training	False	313363	ICA	1913.45969059214
TCGA	2	training	False	713701	ICA	1913.45969059214
TCGA	2	training	False	291359	ICA	1913.45969059214
TCGA	2	testing	False	630060	ICA	2834.95483576202
TCGA	2	testing	False	693066	ICA	2834.95483576202
TCGA	2	testing	False	313363	ICA	2834.95483576202
TCGA	2	testing	False	713701	ICA	2834.95483576202
TCGA	2	testing	False	291359	ICA	2834.95483576202
TCGA	2	training	False	630060	NMF	1918.39940018983
TCGA	2	training	False	693066	NMF	1918.39940006366
TCGA	2	training	False	313363	NMF	1918.3994001098
TCGA	2	training	False	713701	NMF	1918.39940015335
TCGA	2	training	False	291359	NMF	1918.39940007962
TCGA	2	testing	False	630060	NMF	2686.86770015961
TCGA	2	testing	False	693066	NMF	2686.86769970431
TCGA	2	testing	False	313363	NMF	2686.86769987625
TCGA	2	testing	False	713701	NMF	2686.86770002915
TCGA	2	testing	False	291359	NMF	2686.86769976373
TCGA	2	training	False	630060	PCA	1913.45969124864
TCGA	2	training	False	693066	PCA	1913.45969415011
TCGA	2	training	False	313363	PCA	1913.45969841151
TCGA	2	training	False	713701	PCA	1913.45969656837
TCGA	2	training	False	291359	PCA	1913.45968873674
TCGA	2	testing	False	630060	PCA	2834.95483430698
TCGA	2	testing	False	693066	PCA	2834.95482753687
TCGA	2	testing	False	313363	PCA	2834.95482608726
TCGA	2	testing	False	713701	PCA	2834.95483005585
TCGA	2	testing	False	291359	PCA	2834.9548456871
TCGA	2	training	False	630060	VAE	1897.65644285729
TCGA	2	training	False	693066	VAE	1897.59930586669
TCGA	2	training	False	313363	VAE	1897.5563793327
TCGA	2	training	False	713701	VAE	1897.6287018763
TCGA	2	training	False	291359	VAE	1897.59595563792
TCGA	2	testing	False	630060	VAE	2729.82316069221
TCGA	2	testing	False	693066	VAE	2726.28588564672
TCGA	2	testing	False	313363	VAE	2729.46584436831
TCGA	2	testing	False	713701	VAE	2728.74070055141
TCGA	2	testing	False	291359	VAE	2726.55832862247
TCGA	20	training	False	909181	DAE	1862.63401454902
TCGA	20	training	False	923885	DAE	1850.02295570655
TCGA	20	training	False	901489	DAE	1868.45879650284
TCGA	20	training	False	927308	DAE	1849.87456915003
TCGA	20	training	False	995293	DAE	1862.52926761469
TCGA	20	testing	False	909181	DAE	2663.33879490625
TCGA	20	testing	False	923885	DAE	2643.5118931625602
TCGA	20	testing	False	901489	DAE	2673.50978977839
TCGA	20	testing	False	927308	DAE	2644.79784743168
TCGA	20	testing	False	995293	DAE	2665.34437638878
TCGA	20	training	False	909181	ICA	1861.94295457993
TCGA	20	training	False	923885	ICA	1861.94295457993
TCGA	20	training	False	901489	ICA	1861.94295457993
TCGA	20	training	False	927308	ICA	1861.94295457993
TCGA	20	training	False	995293	ICA	1861.94295457993
TCGA	20	testing	False	909181	ICA	2850.37558469279
TCGA	20	testing	False	923885	ICA	2850.37558469279
TCGA	20	testing	False	901489	ICA	2850.37558469279
TCGA	20	testing	False	927308	ICA	2850.37558469279
TCGA	20	testing	False	995293	ICA	2850.37558469279
TCGA	20	training	False	909181	NMF	1842.61989173333
TCGA	20	training	False	923885	NMF	1842.62193803098
TCGA	20	training	False	901489	NMF	1842.62570994077
TCGA	20	training	False	927308	NMF	1842.62063647093
TCGA	20	training	False	995293	NMF	1842.61932766165
TCGA	20	testing	False	909181	NMF	2554.21437869767
TCGA	20	testing	False	923885	NMF	2554.21928361131
TCGA	20	testing	False	901489	NMF	2554.23484949231
TCGA	20	testing	False	927308	NMF	2554.21998747751
TCGA	20	testing	False	995293	NMF	2554.21585655455
TCGA	20	training	False	909181	PCA	1861.95207165549
TCGA	20	training	False	923885	PCA	1861.95041236009
TCGA	20	training	False	901489	PCA	1861.96056288098
TCGA	20	training	False	927308	PCA	1861.93904308882
TCGA	20	training	False	995293	PCA	1861.94502019678
TCGA	20	testing	False	909181	PCA	2850.76715882139
TCGA	20	testing	False	923885	PCA	2850.57123270104
TCGA	20	testing	False	901489	PCA	2850.53457620828
TCGA	20	testing	False	927308	PCA	2850.49035608219
TCGA	20	testing	False	995293	PCA	2850.32963179231
TCGA	20	training	False	909181	VAE	1831.22802890938
TCGA	20	training	False	923885	VAE	1830.60932695121
TCGA	20	training	False	901489	VAE	1830.56023083747
TCGA	20	training	False	927308	VAE	1831.04692410088
TCGA	20	training	False	995293	VAE	1831.27247233953
TCGA	20	testing	False	909181	VAE	2592.95330861273
TCGA	20	testing	False	923885	VAE	2587.66752003097
TCGA	20	testing	False	901489	VAE	2587.34517373209
TCGA	20	testing	False	927308	VAE	2589.52391402933
TCGA	20	testing	False	995293	VAE	2590.16786958619
TCGA	200	training	False	410113	DAE	1797.70282913504
TCGA	200	training	False	603168	DAE	1797.85125255909
TCGA	200	training	False	668239	DAE	1798.10479064708
TCGA	200	training	False	467235	DAE	1798.55632106326
TCGA	200	training	False	291047	DAE	1798.31456382067
TCGA	200	testing	False	410113	DAE	2528.5863717616
TCGA	200	testing	False	603168	DAE	2526.58890506569
TCGA	200	testing	False	668239	DAE	2529.45856175299
TCGA	200	testing	False	467235	DAE	2530.38845577953
TCGA	200	testing	False	291047	DAE	2527.55644934785
TCGA	200	training	False	410113	ICA	1825.71877206625
TCGA	200	training	False	603168	ICA	1825.71877206625
TCGA	200	training	False	668239	ICA	1825.71877206625
TCGA	200	training	False	467235	ICA	1825.71877206625
TCGA	200	training	False	291047	ICA	1825.71877206625
TCGA	200	testing	False	410113	ICA	2561.57509651485
TCGA	200	testing	False	603168	ICA	2561.57509651485
TCGA	200	testing	False	668239	ICA	2561.57509651485
TCGA	200	testing	False	467235	ICA	2561.57509651485
TCGA	200	testing	False	291047	ICA	2561.57509651485
TCGA	200	training	False	410113	NMF	1804.2487808593
TCGA	200	training	False	603168	NMF	1804.339647441
TCGA	200	training	False	668239	NMF	1804.21981060233
TCGA	200	training	False	467235	NMF	1804.31218553193
TCGA	200	training	False	291047	NMF	1804.31812943552
TCGA	200	testing	False	410113	NMF	2483.79678674413
TCGA	200	testing	False	603168	NMF	2484.55873178152
TCGA	200	testing	False	668239	NMF	2484.00475246306
TCGA	200	testing	False	467235	NMF	2484.16723664747
TCGA	200	testing	False	291047	NMF	2484.14513612442
TCGA	200	training	False	410113	PCA	1825.88476053398
TCGA	200	training	False	603168	PCA	1825.87377518008
TCGA	200	training	False	668239	PCA	1825.88867228345
TCGA	200	training	False	467235	PCA	1825.87988054285
TCGA	200	training	False	291047	PCA	1825.85373809969
TCGA	200	testing	False	410113	PCA	2561.76024627377
TCGA	200	testing	False	603168	PCA	2562.18829672267
TCGA	200	testing	False	668239	PCA	2562.06886170203
TCGA	200	testing	False	467235	PCA	2561.960138833
TCGA	200	testing	False	291047	PCA	2563.04876370835
TCGA	200	training	False	410113	VAE	1805.13351114186
TCGA	200	training	False	603168	VAE	1806.90669060665
TCGA	200	training	False	668239	VAE	1804.43689127745
TCGA	200	training	False	467235	VAE	1805.94916173608
TCGA	200	training	False	291047	VAE	1804.28240428638
TCGA	200	testing	False	410113	VAE	2516.54998002663
TCGA	200	testing	False	603168	VAE	2508.73555478324
TCGA	200	testing	False	668239	VAE	2501.44586117197
TCGA	200	testing	False	467235	VAE	2514.95363954243
TCGA	200	testing	False	291047	VAE	2507.6820952889602
TCGA	25	training	False	688841	DAE	1849.85357745368
TCGA	25	training	False	922690	DAE	1843.58169302028
TCGA	25	training	False	930681	DAE	1846.4674504453901
TCGA	25	training	False	413199	DAE	1841.17623343886
TCGA	25	training	False	397257	DAE	1868.43377125953
TCGA	25	testing	False	688841	DAE	2644.92005329751
TCGA	25	testing	False	922690	DAE	2625.92075598335
TCGA	25	testing	False	930681	DAE	2637.08659552643
TCGA	25	testing	False	413199	DAE	2621.18420858637
TCGA	25	testing	False	397257	DAE	2674.17309614419
TCGA	25	training	False	688841	ICA	1857.3158617278
TCGA	25	training	False	922690	ICA	1857.3158617278
TCGA	25	training	False	930681	ICA	1857.3158617278
TCGA	25	training	False	413199	ICA	1857.3158617278
TCGA	25	training	False	397257	ICA	1857.3158617278
TCGA	25	testing	False	688841	ICA	2826.46835084221
TCGA	25	testing	False	922690	ICA	2826.46835084221
TCGA	25	testing	False	930681	ICA	2826.46835084221
TCGA	25	testing	False	413199	ICA	2826.46835084221
TCGA	25	testing	False	397257	ICA	2826.46835084221
TCGA	25	training	False	688841	NMF	1837.78716044881
TCGA	25	training	False	922690	NMF	1837.7907597508
TCGA	25	training	False	930681	NMF	1837.78681808296
TCGA	25	training	False	413199	NMF	1837.78853556585
TCGA	25	training	False	397257	NMF	1837.78858216387
TCGA	25	testing	False	688841	NMF	2545.21197361781
TCGA	25	testing	False	922690	NMF	2545.21538386077
TCGA	25	testing	False	930681	NMF	2545.21164774948
TCGA	25	testing	False	413199	NMF	2545.21632597692
TCGA	25	testing	False	397257	NMF	2545.21572468455
TCGA	25	training	False	688841	PCA	1857.36489204094
TCGA	25	training	False	922690	PCA	1857.32460722025
TCGA	25	training	False	930681	PCA	1857.29959985578
TCGA	25	training	False	413199	PCA	1857.33384080174
TCGA	25	training	False	397257	PCA	1857.34698580261
TCGA	25	testing	False	688841	PCA	2827.30409473409
TCGA	25	testing	False	922690	PCA	2826.64805094871
TCGA	25	testing	False	930681	PCA	2826.01699065202
TCGA	25	testing	False	413199	PCA	2826.6917575165
TCGA	25	testing	False	397257	PCA	2825.87487318937
TCGA	25	training	False	688841	VAE	1826.58936844552
TCGA	25	training	False	922690	VAE	1826.4593752328
TCGA	25	training	False	930681	VAE	1825.92974762214
TCGA	25	training	False	413199	VAE	1826.67224356811
TCGA	25	training	False	397257	VAE	1827.0360179129
TCGA	25	testing	False	688841	VAE	2570.8697747142
TCGA	25	testing	False	922690	VAE	2574.25028189559
TCGA	25	testing	False	930681	VAE	2570.25538144863
TCGA	25	testing	False	413199	VAE	2574.51949826895
TCGA	25	testing	False	397257	VAE	2578.93883212526
TCGA	3	training	False	323472	DAE	1912.6804954872
TCGA	3	training	False	16635	DAE	1912.60936154691
TCGA	3	training	False	367644	DAE	1934.4756515628
TCGA	3	training	False	719912	DAE	1897.22887089545
TCGA	3	training	False	869161	DAE	1934.46374880254
TCGA	3	testing	False	323472	DAE	2755.29380937196
TCGA	3	testing	False	16635	DAE	2754.80383675721
TCGA	3	testing	False	367644	DAE	2794.82373709147
TCGA	3	testing	False	719912	DAE	2723.55703843415
TCGA	3	testing	False	869161	DAE	2793.56649359658
TCGA	3	training	False	323472	ICA	1906.24742913227
TCGA	3	training	False	16635	ICA	1906.24742913227
TCGA	3	training	False	367644	ICA	1906.24742913226
TCGA	3	training	False	719912	ICA	1906.24742913227
TCGA	3	training	False	869161	ICA	1906.24742913227
TCGA	3	testing	False	323472	ICA	2837.17297335579
TCGA	3	testing	False	16635	ICA	2837.17297335579
TCGA	3	testing	False	367644	ICA	2837.17297335579
TCGA	3	testing	False	719912	ICA	2837.17297335579
TCGA	3	testing	False	869161	ICA	2837.17297335579
TCGA	3	training	False	323472	NMF	1904.92287892651
TCGA	3	training	False	16635	NMF	1904.9228834851
TCGA	3	training	False	367644	NMF	1904.92288863487
TCGA	3	training	False	719912	NMF	1904.92289209771
TCGA	3	training	False	869161	NMF	1904.92289003755
TCGA	3	testing	False	323472	NMF	2663.06144422961
TCGA	3	testing	False	16635	NMF	2663.06144484068
TCGA	3	testing	False	367644	NMF	2663.06144595233
TCGA	3	testing	False	719912	NMF	2663.06144624343
TCGA	3	testing	False	869161	NMF	2663.06144611251
TCGA	3	training	False	323472	PCA	1906.24742295924
TCGA	3	training	False	16635	PCA	1906.24741666551
TCGA	3	training	False	367644	PCA	1906.24742568831
TCGA	3	training	False	719912	PCA	1906.24725875153
TCGA	3	training	False	869161	PCA	1906.24742333193
TCGA	3	testing	False	323472	PCA	2837.17298856615
TCGA	3	testing	False	16635	PCA	2837.17297783659
TCGA	3	testing	False	367644	PCA	2837.17296531051
TCGA	3	testing	False	719912	PCA	2837.1720204245
TCGA	3	testing	False	869161	PCA	2837.17297188166
TCGA	3	training	False	323472	VAE	1885.09105202815
TCGA	3	training	False	16635	VAE	1885.06926192559
TCGA	3	training	False	367644	VAE	1885.04768519351
TCGA	3	training	False	719912	VAE	1884.64852180189
TCGA	3	training	False	869161	VAE	1884.9236885205
TCGA	3	testing	False	323472	VAE	2704.47851672397
TCGA	3	testing	False	16635	VAE	2705.76660742294
TCGA	3	testing	False	367644	VAE	2705.72194468988
TCGA	3	testing	False	719912	VAE	2703.59921372156
TCGA	3	testing	False	869161	VAE	2708.34491675881
TCGA	30	training	False	843820	DAE	1841.0423204769
TCGA	30	training	False	716493	DAE	1841.11397186959
TCGA	30	training	False	392675	DAE	1843.77072317763
TCGA	30	training	False	980599	DAE	1841.20263323962
TCGA	30	training	False	338984	DAE	1838.96562491834
TCGA	30	testing	False	843820	DAE	2622.47396171291
TCGA	30	testing	False	716493	DAE	2621.16565750419
TCGA	30	testing	False	392675	DAE	2629.67562702083
TCGA	30	testing	False	980599	DAE	2622.08190537352
TCGA	30	testing	False	338984	DAE	2618.38590341529
TCGA	30	training	False	843820	ICA	1853.77457296366
TCGA	30	training	False	716493	ICA	1853.77457296366
TCGA	30	training	False	392675	ICA	1853.77457296366
TCGA	30	training	False	980599	ICA	1853.77457296366
TCGA	30	training	False	338984	ICA	1853.77457296366
TCGA	30	testing	False	843820	ICA	2809.08960961879
TCGA	30	testing	False	716493	ICA	2809.08960961879
TCGA	30	testing	False	392675	ICA	2809.08960961879
TCGA	30	testing	False	980599	ICA	2809.08960961879
TCGA	30	testing	False	338984	ICA	2809.08960961879
TCGA	30	training	False	843820	NMF	1834.03138691776
TCGA	30	training	False	716493	NMF	1833.94620854591
TCGA	30	training	False	392675	NMF	1834.06305937852
TCGA	30	training	False	980599	NMF	1834.04634021476
TCGA	30	training	False	338984	NMF	1834.02128045388
TCGA	30	testing	False	843820	NMF	2538.61464162778
TCGA	30	testing	False	716493	NMF	2538.57423291402
TCGA	30	testing	False	392675	NMF	2538.69645524211
TCGA	30	testing	False	980599	NMF	2538.67882344486
TCGA	30	testing	False	338984	NMF	2538.63535508038
TCGA	30	training	False	843820	PCA	1853.78738846176
TCGA	30	training	False	716493	PCA	1853.82061598855
TCGA	30	training	False	392675	PCA	1853.73130846366
TCGA	30	training	False	980599	PCA	1853.79554400425
TCGA	30	training	False	338984	PCA	1853.76630203438
TCGA	30	testing	False	843820	PCA	2808.95159001272
TCGA	30	testing	False	716493	PCA	2808.59951109401
TCGA	30	testing	False	392675	PCA	2808.39965878376
TCGA	30	testing	False	980599	PCA	2809.38007918293
TCGA	30	testing	False	338984	PCA	2809.00877355115
TCGA	30	training	False	843820	VAE	1822.51759959261
TCGA	30	training	False	716493	VAE	1823.72704747725
TCGA	30	training	False	392675	VAE	1822.59239872927
TCGA	30	training	False	980599	VAE	1822.4222256003
TCGA	30	training	False	338984	VAE	1822.69771981733
TCGA	30	testing	False	843820	VAE	2568.77273753961
TCGA	30	testing	False	716493	VAE	2569.9250573035
TCGA	30	testing	False	392675	VAE	2562.02822255259
TCGA	30	testing	False	980599	VAE	2562.5253969278
TCGA	30	testing	False	338984	VAE	2562.42965911906
TCGA	35	training	False	492187	DAE	1843.65255415132
TCGA	35	training	False	879879	DAE	1841.09397201304
TCGA	35	training	False	974789	DAE	1853.78724159144
TCGA	35	training	False	829725	DAE	1838.99369145597
TCGA	35	training	False	980838	DAE	1835.10511291802
TCGA	35	testing	False	492187	DAE	2626.44136046443
TCGA	35	testing	False	879879	DAE	2623.69032505054
TCGA	35	testing	False	974789	DAE	2649.75718260705
TCGA	35	testing	False	829725	DAE	2617.76578833684
TCGA	35	testing	False	980838	DAE	2609.35012210747
TCGA	35	training	False	492187	ICA	1851.3599665683
TCGA	35	training	False	879879	ICA	1851.3599665683
TCGA	35	training	False	974789	ICA	1851.3599665683
TCGA	35	training	False	829725	ICA	1851.3599665683
TCGA	35	training	False	980838	ICA	1851.3599665683
TCGA	35	testing	False	492187	ICA	2791.42176981519
TCGA	35	testing	False	879879	ICA	2791.42176981519
TCGA	35	testing	False	974789	ICA	2791.42176981519
TCGA	35	testing	False	829725	ICA	2791.42176981519
TCGA	35	testing	False	980838	ICA	2791.42176981519
TCGA	35	training	False	492187	NMF	1830.81579442218
TCGA	35	training	False	879879	NMF	1830.75718686348
TCGA	35	training	False	974789	NMF	1830.83759768305
TCGA	35	training	False	829725	NMF	1830.79816550443
TCGA	35	training	False	980838	NMF	1830.83976124604
TCGA	35	testing	False	492187	NMF	2532.67862138888
TCGA	35	testing	False	879879	NMF	2532.56383499434
TCGA	35	testing	False	974789	NMF	2532.72882921158
TCGA	35	testing	False	829725	NMF	2532.59527048418
TCGA	35	testing	False	980838	NMF	2532.7823494842
TCGA	35	training	False	492187	PCA	1851.3749092919
TCGA	35	training	False	879879	PCA	1851.37591907131
TCGA	35	training	False	974789	PCA	1851.33331706288
TCGA	35	training	False	829725	PCA	1851.33093809326
TCGA	35	training	False	980838	PCA	1851.35811734296
TCGA	35	testing	False	492187	PCA	2792.94061252157
TCGA	35	testing	False	879879	PCA	2791.13113404327
TCGA	35	testing	False	974789	PCA	2790.44925529192
TCGA	35	testing	False	829725	PCA	2790.85769615557
TCGA	35	testing	False	980838	PCA	2791.57103942511
TCGA	35	training	False	492187	VAE	1819.5937568212
TCGA	35	training	False	879879	VAE	1819.59985864508
TCGA	35	training	False	974789	VAE	1819.74439367874
TCGA	35	training	False	829725	VAE	1820.85817534897
TCGA	35	training	False	980838	VAE	1820.25397528757
TCGA	35	testing	False	492187	VAE	2559.34255274493
TCGA	35	testing	False	879879	VAE	2559.5651835563
TCGA	35	testing	False	974789	VAE	2554.09437299123
TCGA	35	testing	False	829725	VAE	2563.95781509021
TCGA	35	testing	False	980838	VAE	2564.29450655186
TCGA	4	training	False	301834	DAE	1934.46781739025
TCGA	4	training	False	465083	DAE	1934.47463519583
TCGA	4	training	False	190848	DAE	1934.49708753146
TCGA	4	training	False	869246	DAE	1884.51766966448
TCGA	4	training	False	315053	DAE	1884.59121774841
TCGA	4	testing	False	301834	DAE	2792.35982883125
TCGA	4	testing	False	465083	DAE	2792.37793799262
TCGA	4	testing	False	190848	DAE	2794.15819700189
TCGA	4	testing	False	869246	DAE	2703.25299028849
TCGA	4	testing	False	315053	DAE	2703.86679086103
TCGA	4	training	False	301834	ICA	1903.67052866194
TCGA	4	training	False	465083	ICA	1903.67052866194
TCGA	4	training	False	190848	ICA	1903.67052866194
TCGA	4	training	False	869246	ICA	1903.67052866194
TCGA	4	training	False	315053	ICA	1903.67052866194
TCGA	4	testing	False	301834	ICA	2856.77454502193
TCGA	4	testing	False	465083	ICA	2856.77454502193
TCGA	4	testing	False	190848	ICA	2856.77454502193
TCGA	4	testing	False	869246	ICA	2856.77454502193
TCGA	4	testing	False	315053	ICA	2856.77454502193
TCGA	4	training	False	301834	NMF	1894.58168057563
TCGA	4	training	False	465083	NMF	1894.58167874962
TCGA	4	training	False	190848	NMF	1894.58168121202
TCGA	4	training	False	869246	NMF	1894.58168168257
TCGA	4	training	False	315053	NMF	1894.58167770449
TCGA	4	testing	False	301834	NMF	2646.04081206014
TCGA	4	testing	False	465083	NMF	2646.04079325458
TCGA	4	testing	False	190848	NMF	2646.0408065945
TCGA	4	testing	False	869246	NMF	2646.04079907438
TCGA	4	testing	False	315053	NMF	2646.04080506779
TCGA	4	training	False	301834	PCA	1903.67080017381
TCGA	4	training	False	465083	PCA	1903.67196530726
TCGA	4	training	False	190848	PCA	1903.67046694784
TCGA	4	training	False	869246	PCA	1903.67038302924
TCGA	4	training	False	315053	PCA	1903.66981615364
TCGA	4	testing	False	301834	PCA	2856.77418172239
TCGA	4	testing	False	465083	PCA	2856.77549132168
TCGA	4	testing	False	190848	PCA	2856.77459129851
TCGA	4	testing	False	869246	PCA	2856.77441177588
TCGA	4	testing	False	315053	PCA	2856.77423080534
TCGA	4	training	False	301834	VAE	1876.31454783353
TCGA	4	training	False	465083	VAE	1876.29000027792
TCGA	4	training	False	190848	VAE	1876.18572291471
TCGA	4	training	False	869246	VAE	1876.16468376098
TCGA	4	training	False	315053	VAE	1876.06131069713
TCGA	4	testing	False	301834	VAE	2690.88034922902
TCGA	4	testing	False	465083	VAE	2691.8238496704
TCGA	4	testing	False	190848	VAE	2689.69751557117
TCGA	4	testing	False	869246	VAE	2689.74829137943
TCGA	4	testing	False	315053	VAE	2690.07036321466
TCGA	40	training	False	639345	DAE	1824.98419009566
TCGA	40	training	False	848795	DAE	1827.19392782866
TCGA	40	training	False	662250	DAE	1827.21465888154
TCGA	40	training	False	814470	DAE	1833.97302203945
TCGA	40	training	False	620645	DAE	1828.35143592924
TCGA	40	testing	False	639345	DAE	2580.0960811856
TCGA	40	testing	False	848795	DAE	2584.53244153804
TCGA	40	testing	False	662250	DAE	2584.04655693538
TCGA	40	testing	False	814470	DAE	2596.01825909156
TCGA	40	testing	False	620645	DAE	2586.02347515832
TCGA	40	training	False	639345	ICA	1848.82903039067
TCGA	40	training	False	848795	ICA	1848.82903039067
TCGA	40	training	False	662250	ICA	1848.82903039067
TCGA	40	training	False	814470	ICA	1848.82903039067
TCGA	40	training	False	620645	ICA	1848.82903039067
TCGA	40	testing	False	639345	ICA	2766.44422765757
TCGA	40	testing	False	848795	ICA	2766.44422765757
TCGA	40	testing	False	662250	ICA	2766.44422765757
TCGA	40	testing	False	814470	ICA	2766.44422765757
TCGA	40	testing	False	620645	ICA	2766.44422765757
TCGA	40	training	False	639345	NMF	1827.60874200759
TCGA	40	training	False	848795	NMF	1827.81302122942
TCGA	40	training	False	662250	NMF	1827.77512007455
TCGA	40	training	False	814470	NMF	1827.98815325051
TCGA	40	training	False	620645	NMF	1828.47187777561
TCGA	40	testing	False	639345	NMF	2527.30495408204
TCGA	40	testing	False	848795	NMF	2527.63031319863
TCGA	40	testing	False	662250	NMF	2527.61423823665
TCGA	40	testing	False	814470	NMF	2527.82773415291
TCGA	40	testing	False	620645	NMF	2528.90378874093
TCGA	40	training	False	639345	PCA	1848.81316481663
TCGA	40	training	False	848795	PCA	1848.90195905167
TCGA	40	training	False	662250	PCA	1848.89542149072
TCGA	40	training	False	814470	PCA	1848.80979486099
TCGA	40	training	False	620645	PCA	1848.8530969799
TCGA	40	testing	False	639345	PCA	2766.25802299877
TCGA	40	testing	False	848795	PCA	2764.349674163
TCGA	40	testing	False	662250	PCA	2763.77732799293
TCGA	40	testing	False	814470	PCA	2767.37881061118
TCGA	40	testing	False	620645	PCA	2766.57882858851
TCGA	40	training	False	639345	VAE	1817.32993851275
TCGA	40	training	False	848795	VAE	1817.42525490039
TCGA	40	training	False	662250	VAE	1817.49004766056
TCGA	40	training	False	814470	VAE	1817.16188679755
TCGA	40	training	False	620645	VAE	1817.71931638422
TCGA	40	testing	False	639345	VAE	2543.26233010669
TCGA	40	testing	False	848795	VAE	2549.04961913779
TCGA	40	testing	False	662250	VAE	2546.0767722896
TCGA	40	testing	False	814470	VAE	2544.27220040954
TCGA	40	testing	False	620645	VAE	2549.24601066029
TCGA	45	training	False	699856	DAE	1827.14607551895
TCGA	45	training	False	831740	DAE	1827.07382457444
TCGA	45	training	False	780311	DAE	1829.6522940326
TCGA	45	training	False	608571	DAE	1827.14113474895
TCGA	45	training	False	847077	DAE	1823.1101150962
TCGA	45	testing	False	699856	DAE	2584.52647933814
TCGA	45	testing	False	831740	DAE	2582.93968867061
TCGA	45	testing	False	780311	DAE	2588.14329131887
TCGA	45	testing	False	608571	DAE	2582.28229127035
TCGA	45	testing	False	847077	DAE	2576.92104068566
TCGA	45	training	False	699856	ICA	1846.48281631468
TCGA	45	training	False	831740	ICA	1846.48281631468
TCGA	45	training	False	780311	ICA	1846.48281631468
TCGA	45	training	False	608571	ICA	1846.48281631468
TCGA	45	training	False	847077	ICA	1846.48281631468
TCGA	45	testing	False	699856	ICA	2736.03385427073
TCGA	45	testing	False	831740	ICA	2736.03385427073
TCGA	45	testing	False	780311	ICA	2736.03385427073
TCGA	45	testing	False	608571	ICA	2736.03385427073
TCGA	45	testing	False	847077	ICA	2736.03385427073
TCGA	45	training	False	699856	NMF	1825.73934631509
TCGA	45	training	False	831740	NMF	1825.38737079446
TCGA	45	training	False	780311	NMF	1825.66557576301
TCGA	45	training	False	608571	NMF	1825.69526457186
TCGA	45	training	False	847077	NMF	1825.91759037865
TCGA	45	testing	False	699856	NMF	2523.6213147932
TCGA	45	testing	False	831740	NMF	2523.13232271602
TCGA	45	testing	False	780311	NMF	2523.32696239171
TCGA	45	testing	False	608571	NMF	2523.58625650547
TCGA	45	testing	False	847077	NMF	2523.97946907574
TCGA	45	training	False	699856	PCA	1846.54489477961
TCGA	45	training	False	831740	PCA	1846.54045533738
TCGA	45	training	False	780311	PCA	1846.55218773957
TCGA	45	training	False	608571	PCA	1846.47387928646
TCGA	45	training	False	847077	PCA	1846.50136909727
TCGA	45	testing	False	699856	PCA	2736.51041072047
TCGA	45	testing	False	831740	PCA	2735.03753507887
TCGA	45	testing	False	780311	PCA	2736.77799319008
TCGA	45	testing	False	608571	PCA	2739.64879293809
TCGA	45	testing	False	847077	PCA	2735.96576042457
TCGA	45	training	False	699856	VAE	1815.85967793796
TCGA	45	training	False	831740	VAE	1815.95412662493
TCGA	45	training	False	780311	VAE	1817.33340821041
TCGA	45	training	False	608571	VAE	1815.52771561727
TCGA	45	training	False	847077	VAE	1815.05673711157
TCGA	45	testing	False	699856	VAE	2544.56834880472
TCGA	45	testing	False	831740	VAE	2544.49825706009
TCGA	45	testing	False	780311	VAE	2543.73519697646
TCGA	45	testing	False	608571	VAE	2537.81805871117
TCGA	45	testing	False	847077	VAE	2547.18783346796
TCGA	5	training	False	905670	DAE	1884.1506769334
TCGA	5	training	False	940341	DAE	1897.16645018147
TCGA	5	training	False	198578	DAE	1912.61684845501
TCGA	5	training	False	465519	DAE	1934.47056510319
TCGA	5	training	False	226922	DAE	1897.09276139239
TCGA	5	testing	False	905670	DAE	2703.58933749911
TCGA	5	testing	False	940341	DAE	2723.47553155361
TCGA	5	testing	False	198578	DAE	2755.24818515728
TCGA	5	testing	False	465519	DAE	2793.44500420027
TCGA	5	testing	False	226922	DAE	2723.74969254355
TCGA	5	training	False	905670	ICA	1900.27253715026
TCGA	5	training	False	940341	ICA	1900.27253715026
TCGA	5	training	False	198578	ICA	1900.27253715026
TCGA	5	training	False	465519	ICA	1900.27253715026
TCGA	5	training	False	226922	ICA	1900.27253715026
TCGA	5	testing	False	905670	ICA	2865.39280866122
TCGA	5	testing	False	940341	ICA	2865.39280866122
TCGA	5	testing	False	198578	ICA	2865.39280866122
TCGA	5	testing	False	465519	ICA	2865.39280866122
TCGA	5	testing	False	226922	ICA	2865.39280866122
TCGA	5	training	False	905670	NMF	1888.75258827025
TCGA	5	training	False	940341	NMF	1888.75394588883
TCGA	5	training	False	198578	NMF	1888.75403615359
TCGA	5	training	False	465519	NMF	1888.7538149104
TCGA	5	training	False	226922	NMF	1888.75403776373
TCGA	5	testing	False	905670	NMF	2635.48967212216
TCGA	5	testing	False	940341	NMF	2635.48890233064
TCGA	5	testing	False	198578	NMF	2635.48935012303
TCGA	5	testing	False	465519	NMF	2635.48664938687
TCGA	5	testing	False	226922	NMF	2635.48936296732
TCGA	5	training	False	905670	PCA	1900.27255829745
TCGA	5	training	False	940341	PCA	1900.27246341309
TCGA	5	training	False	198578	PCA	1900.27236822771
TCGA	5	training	False	465519	PCA	1900.27220790674
TCGA	5	training	False	226922	PCA	1900.27274073151
TCGA	5	testing	False	905670	PCA	2865.39302254358
TCGA	5	testing	False	940341	PCA	2865.39441163858
TCGA	5	testing	False	198578	PCA	2865.39228105241
TCGA	5	testing	False	465519	PCA	2865.39201912233
TCGA	5	testing	False	226922	PCA	2865.39383271672
TCGA	5	training	False	905670	VAE	1869.75740646602
TCGA	5	training	False	940341	VAE	1869.68031775431
TCGA	5	training	False	198578	VAE	1869.65949883557
TCGA	5	training	False	465519	VAE	1869.15753904684
TCGA	5	training	False	226922	VAE	1869.24870528368
TCGA	5	testing	False	905670	VAE	2676.01996276978
TCGA	5	testing	False	940341	VAE	2678.10232949515
TCGA	5	testing	False	198578	VAE	2677.24654278698
TCGA	5	testing	False	465519	VAE	2679.6040789906
TCGA	5	testing	False	226922	VAE	2679.16982502379
TCGA	50	training	False	766289	DAE	1821.49338852164
TCGA	50	training	False	490025	DAE	1824.96817335122
TCGA	50	training	False	633542	DAE	1824.02584438001
TCGA	50	training	False	752852	DAE	1821.52178718952
TCGA	50	training	False	400973	DAE	1824.03955219248
TCGA	50	testing	False	766289	DAE	2573.84798013062
TCGA	50	testing	False	490025	DAE	2580.29962857906
TCGA	50	testing	False	633542	DAE	2578.9240364862
TCGA	50	testing	False	752852	DAE	2573.68830151809
TCGA	50	testing	False	400973	DAE	2577.79502200431
TCGA	50	training	False	766289	ICA	1844.59005454977
TCGA	50	training	False	490025	ICA	1844.59005454977
TCGA	50	training	False	633542	ICA	1844.59005454977
TCGA	50	training	False	752852	ICA	1844.59005454977
TCGA	50	training	False	400973	ICA	1844.59005454977
TCGA	50	testing	False	766289	ICA	2721.03302963219
TCGA	50	testing	False	490025	ICA	2721.03302963219
TCGA	50	testing	False	633542	ICA	2721.03302963219
TCGA	50	testing	False	752852	ICA	2721.03302963219
TCGA	50	testing	False	400973	ICA	2721.03302963219
TCGA	50	training	False	766289	NMF	1823.50086665573
TCGA	50	training	False	490025	NMF	1823.56904715197
TCGA	50	training	False	633542	NMF	1823.72524197777
TCGA	50	training	False	752852	NMF	1823.81173517237
TCGA	50	training	False	400973	NMF	1823.52789483105
TCGA	50	testing	False	766289	NMF	2519.68178229139
TCGA	50	testing	False	490025	NMF	2519.56394711305
TCGA	50	testing	False	633542	NMF	2520.03700385747
TCGA	50	testing	False	752852	NMF	2520.27995295437
TCGA	50	testing	False	400973	NMF	2519.703169002
TCGA	50	training	False	766289	PCA	1844.64442683184
TCGA	50	training	False	490025	PCA	1844.65958145702
TCGA	50	training	False	633542	PCA	1844.61516193404
TCGA	50	training	False	752852	PCA	1844.57668648151
TCGA	50	training	False	400973	PCA	1844.6551302631
TCGA	50	testing	False	766289	PCA	2723.12752483359
TCGA	50	testing	False	490025	PCA	2720.58365780986
TCGA	50	testing	False	633542	PCA	2721.87680349993
TCGA	50	testing	False	752852	PCA	2721.59401817805
TCGA	50	testing	False	400973	PCA	2722.07789245989
TCGA	50	training	False	766289	VAE	1813.65327455417
TCGA	50	training	False	490025	VAE	1814.31515605108
TCGA	50	training	False	633542	VAE	1814.00031922569
TCGA	50	training	False	752852	VAE	1813.56065437056
TCGA	50	training	False	400973	VAE	1814.6324881661
TCGA	50	testing	False	766289	VAE	2535.16239871132
TCGA	50	testing	False	490025	VAE	2534.87775164806
TCGA	50	testing	False	633542	VAE	2540.51270351646
TCGA	50	testing	False	752852	VAE	2531.14947640917
TCGA	50	testing	False	400973	VAE	2533.47183361206
TCGA	6	training	False	220247	DAE	1875.4699747707
TCGA	6	training	False	96046	DAE	1884.16806231172
TCGA	6	training	False	687266	DAE	1912.62602278477
TCGA	6	training	False	471836	DAE	1912.58893186957
TCGA	6	training	False	845138	DAE	1884.18434864023
TCGA	6	testing	False	220247	DAE	2686.35168542653
TCGA	6	testing	False	96046	DAE	2703.83959073354
TCGA	6	testing	False	687266	DAE	2755.79409625526
TCGA	6	testing	False	471836	DAE	2753.54379425478
TCGA	6	testing	False	845138	DAE	2704.03132341124
TCGA	6	training	False	220247	ICA	1894.57839975305
TCGA	6	training	False	96046	ICA	1894.57839975305
TCGA	6	training	False	687266	ICA	1894.57839975305
TCGA	6	training	False	471836	ICA	1894.57839975305
TCGA	6	training	False	845138	ICA	1894.57839975305
TCGA	6	testing	False	220247	ICA	2861.47104884947
TCGA	6	testing	False	96046	ICA	2861.47104884947
TCGA	6	testing	False	687266	ICA	2861.47104884947
TCGA	6	testing	False	471836	ICA	2861.47104884947
TCGA	6	testing	False	845138	ICA	2861.47104884947
TCGA	6	training	False	220247	NMF	1881.89756325754
TCGA	6	training	False	96046	NMF	1881.89764584607
TCGA	6	training	False	687266	NMF	1881.89756794066
TCGA	6	training	False	471836	NMF	1881.89754482246
TCGA	6	training	False	845138	NMF	1881.89762482921
TCGA	6	testing	False	220247	NMF	2623.850624785
TCGA	6	testing	False	96046	NMF	2623.85060844665
TCGA	6	testing	False	687266	NMF	2623.85062289803
TCGA	6	testing	False	471836	NMF	2623.85063545545
TCGA	6	testing	False	845138	NMF	2623.85060076107
TCGA	6	training	False	220247	PCA	1894.57831223657
TCGA	6	training	False	96046	PCA	1894.57812826264
TCGA	6	training	False	687266	PCA	1894.57850938289
TCGA	6	training	False	471836	PCA	1894.57865315217
TCGA	6	training	False	845138	PCA	1894.57830998489
TCGA	6	testing	False	220247	PCA	2861.46987783015
TCGA	6	testing	False	96046	PCA	2861.47235129312
TCGA	6	testing	False	687266	PCA	2861.47053557143
TCGA	6	testing	False	471836	PCA	2861.47141468912
TCGA	6	testing	False	845138	PCA	2861.470581535
TCGA	6	training	False	220247	VAE	1864.18487723024
TCGA	6	training	False	96046	VAE	1864.27640344374
TCGA	6	training	False	687266	VAE	1864.09404524608
TCGA	6	training	False	471836	VAE	1864.06651509129
TCGA	6	training	False	845138	VAE	1863.97112141065
TCGA	6	testing	False	220247	VAE	2667.26354254412
TCGA	6	testing	False	96046	VAE	2667.91832058874
TCGA	6	testing	False	687266	VAE	2664.87549261421
TCGA	6	testing	False	471836	VAE	2669.13961684043
TCGA	6	testing	False	845138	VAE	2667.09506159282
TCGA	60	training	False	933994	DAE	1819.31262948431
TCGA	60	training	False	758949	DAE	1815.71795818839
TCGA	60	training	False	715909	DAE	1815.2776904196
TCGA	60	training	False	329841	DAE	1819.99432677056
TCGA	60	training	False	849949	DAE	1815.74887013619
TCGA	60	testing	False	933994	DAE	2569.44143891406
TCGA	60	testing	False	758949	DAE	2559.59330324844
TCGA	60	testing	False	715909	DAE	2562.32898559614
TCGA	60	testing	False	329841	DAE	2569.14909729758
TCGA	60	testing	False	849949	DAE	2562.49056381285
TCGA	60	training	False	933994	ICA	1842.02577561006
TCGA	60	training	False	758949	ICA	1842.02577561006
TCGA	60	training	False	715909	ICA	1842.02577561006
TCGA	60	training	False	329841	ICA	1842.02577561006
TCGA	60	training	False	849949	ICA	1842.02577561006
TCGA	60	testing	False	933994	ICA	2705.32607251995
TCGA	60	testing	False	758949	ICA	2705.32607251995
TCGA	60	testing	False	715909	ICA	2705.32607251995
TCGA	60	testing	False	329841	ICA	2705.32607251995
TCGA	60	testing	False	849949	ICA	2705.32607251995
TCGA	60	training	False	933994	NMF	1820.33858102621
TCGA	60	training	False	758949	NMF	1820.79418893159
TCGA	60	training	False	715909	NMF	1820.58838100698
TCGA	60	training	False	329841	NMF	1820.64008204776
TCGA	60	training	False	849949	NMF	1820.64319579443
TCGA	60	testing	False	933994	NMF	2513.56321725427
TCGA	60	testing	False	758949	NMF	2514.68638223618
TCGA	60	testing	False	715909	NMF	2514.22179174258
TCGA	60	testing	False	329841	NMF	2514.49636954424
TCGA	60	testing	False	849949	NMF	2514.46319775741
TCGA	60	training	False	933994	PCA	1842.12394731526
TCGA	60	training	False	758949	PCA	1842.16495614963
TCGA	60	training	False	715909	PCA	1842.02740699329
TCGA	60	training	False	329841	PCA	1842.02907776187
TCGA	60	training	False	849949	PCA	1842.04264307755
TCGA	60	testing	False	933994	PCA	2705.64051805054
TCGA	60	testing	False	758949	PCA	2700.2189402816
TCGA	60	testing	False	715909	PCA	2704.35378498289
TCGA	60	testing	False	329841	PCA	2709.71948479071
TCGA	60	testing	False	849949	PCA	2702.80022513968
TCGA	60	training	False	933994	VAE	1812.44162071528
TCGA	60	training	False	758949	VAE	1813.96497305093
TCGA	60	training	False	715909	VAE	1811.1825230279
TCGA	60	training	False	329841	VAE	1811.95955508619
TCGA	60	training	False	849949	VAE	1811.11163642704
TCGA	60	testing	False	933994	VAE	2522.03103103355
TCGA	60	testing	False	758949	VAE	2547.41536837646
TCGA	60	testing	False	715909	VAE	2525.70795728399
TCGA	60	testing	False	329841	VAE	2525.48142668585
TCGA	60	testing	False	849949	VAE	2534.36987450741
TCGA	7	training	False	452040	DAE	1934.49044812748
TCGA	7	training	False	846348	DAE	1912.57216379792
TCGA	7	training	False	975745	DAE	1897.1453386381
TCGA	7	training	False	358769	DAE	1912.71029584346
TCGA	7	training	False	916263	DAE	1897.12569272722
TCGA	7	testing	False	452040	DAE	2793.60556548983
TCGA	7	testing	False	846348	DAE	2755.58140346987
TCGA	7	testing	False	975745	DAE	2724.1735220548
TCGA	7	testing	False	358769	DAE	2755.42937462131
TCGA	7	testing	False	916263	DAE	2726.07447707977
TCGA	7	training	False	452040	ICA	1891.98617973364
TCGA	7	training	False	846348	ICA	1891.98617973364
TCGA	7	training	False	975745	ICA	1891.98617973364
TCGA	7	training	False	358769	ICA	1891.98617973364
TCGA	7	training	False	916263	ICA	1891.98617973364
TCGA	7	testing	False	452040	ICA	2870.06417921741
TCGA	7	testing	False	846348	ICA	2870.06417921741
TCGA	7	testing	False	975745	ICA	2870.06417921741
TCGA	7	testing	False	358769	ICA	2870.06417921741
TCGA	7	testing	False	916263	ICA	2870.06417921741
TCGA	7	training	False	452040	NMF	1876.97858277368
TCGA	7	training	False	846348	NMF	1876.97858934058
TCGA	7	training	False	975745	NMF	1876.97858713182
TCGA	7	training	False	358769	NMF	1876.97858950058
TCGA	7	training	False	916263	NMF	1876.9785938389
TCGA	7	testing	False	452040	NMF	2615.07483378227
TCGA	7	testing	False	846348	NMF	2615.07486218505
TCGA	7	testing	False	975745	NMF	2615.07485441529
TCGA	7	testing	False	358769	NMF	2615.07486220433
TCGA	7	testing	False	916263	NMF	2615.07489308239
TCGA	7	training	False	452040	PCA	1891.9857715768
TCGA	7	training	False	846348	PCA	1891.986770075
TCGA	7	training	False	975745	PCA	1891.98656242864
TCGA	7	training	False	358769	PCA	1891.9861829291
TCGA	7	training	False	916263	PCA	1891.98605274984
TCGA	7	testing	False	452040	PCA	2870.06563929302
TCGA	7	testing	False	846348	PCA	2870.06205308506
TCGA	7	testing	False	975745	PCA	2870.06156940151
TCGA	7	testing	False	358769	PCA	2870.06410673418
TCGA	7	testing	False	916263	PCA	2870.06414249343
TCGA	7	training	False	452040	VAE	1859.79697614563
TCGA	7	training	False	846348	VAE	1859.36282736533
TCGA	7	training	False	975745	VAE	1859.35968950724
TCGA	7	training	False	358769	VAE	1859.18643483803
TCGA	7	training	False	916263	VAE	1859.10222764856
TCGA	7	testing	False	452040	VAE	2659.17404780824
TCGA	7	testing	False	846348	VAE	2658.88674961071
TCGA	7	testing	False	975745	VAE	2658.76131663377
TCGA	7	testing	False	358769	VAE	2658.19571490078
TCGA	7	testing	False	916263	VAE	2659.52472908534
TCGA	70	training	False	810659	DAE	1814.99331759525
TCGA	70	training	False	825537	DAE	1813.0498319584
TCGA	70	training	False	680667	DAE	1817.88816143992
TCGA	70	training	False	752543	DAE	1814.18817757699
TCGA	70	training	False	727284	DAE	1815.24964776838
TCGA	70	testing	False	810659	DAE	2560.86657149103
TCGA	70	testing	False	825537	DAE	2557.93280522582
TCGA	70	testing	False	680667	DAE	2564.82754409882
TCGA	70	testing	False	752543	DAE	2560.17541962686
TCGA	70	testing	False	727284	DAE	2561.42142438668
TCGA	70	training	False	810659	ICA	1839.36385253279
TCGA	70	training	False	825537	ICA	1839.36385253279
TCGA	70	training	False	680667	ICA	1839.36385253279
TCGA	70	training	False	752543	ICA	1839.36385253279
TCGA	70	training	False	727284	ICA	1839.36385253279
TCGA	70	testing	False	810659	ICA	2666.44171270819
TCGA	70	testing	False	825537	ICA	2666.44171270819
TCGA	70	testing	False	680667	ICA	2666.44171270819
TCGA	70	testing	False	752543	ICA	2666.44171270819
TCGA	70	testing	False	727284	ICA	2666.44171270819
TCGA	70	training	False	810659	NMF	1818.07437913177
TCGA	70	training	False	825537	NMF	1818.21828743535
TCGA	70	training	False	680667	NMF	1818.11598439745
TCGA	70	training	False	752543	NMF	1818.11650370443
TCGA	70	training	False	727284	NMF	1818.14696425172
TCGA	70	testing	False	810659	NMF	2509.66638334049
TCGA	70	testing	False	825537	NMF	2509.75755876858
TCGA	70	testing	False	680667	NMF	2510.01521997079
TCGA	70	testing	False	752543	NMF	2509.6280610394
TCGA	70	testing	False	727284	NMF	2510.0066173422
TCGA	70	training	False	810659	PCA	1839.39160721986
TCGA	70	training	False	825537	PCA	1839.50691950788
TCGA	70	training	False	680667	PCA	1839.34002230895
TCGA	70	training	False	752543	PCA	1839.43381516203
TCGA	70	training	False	727284	PCA	1839.3863281553
TCGA	70	testing	False	810659	PCA	2664.46294950153
TCGA	70	testing	False	825537	PCA	2669.97179698943
TCGA	70	testing	False	680667	PCA	2664.65597000748
TCGA	70	testing	False	752543	PCA	2668.25848551308
TCGA	70	testing	False	727284	PCA	2666.45754099962
TCGA	70	training	False	810659	VAE	1810.27636160637
TCGA	70	training	False	825537	VAE	1810.30362739025
TCGA	70	training	False	680667	VAE	1810.78209707495
TCGA	70	training	False	752543	VAE	1810.53852760883
TCGA	70	training	False	727284	VAE	1810.59468440605
TCGA	70	testing	False	810659	VAE	2524.86382283038
TCGA	70	testing	False	825537	VAE	2533.89609866272
TCGA	70	testing	False	680667	VAE	2540.90585686305
TCGA	70	testing	False	752543	VAE	2519.66672816068
TCGA	70	testing	False	727284	VAE	2532.05853648462
TCGA	8	training	False	222208	DAE	1875.44823367315
TCGA	8	training	False	89204	DAE	1884.13607912743
TCGA	8	training	False	227186	DAE	1897.16399700601
TCGA	8	training	False	909346	DAE	1884.07077989626
TCGA	8	training	False	549752	DAE	1897.14335723505
TCGA	8	testing	False	222208	DAE	2687.96136738715
TCGA	8	testing	False	89204	DAE	2702.40544522076
TCGA	8	testing	False	227186	DAE	2726.56534122139
TCGA	8	testing	False	909346	DAE	2702.61951343601
TCGA	8	testing	False	549752	DAE	2724.84859062245
TCGA	8	training	False	222208	ICA	1890.13902940759
TCGA	8	training	False	89204	ICA	1890.13902940759
TCGA	8	training	False	227186	ICA	1890.13902940759
TCGA	8	training	False	909346	ICA	1890.13902940759
TCGA	8	training	False	549752	ICA	1890.13902940759
TCGA	8	testing	False	222208	ICA	2874.36660782673
TCGA	8	testing	False	89204	ICA	2874.36660782673
TCGA	8	testing	False	227186	ICA	2874.36660782673
TCGA	8	testing	False	909346	ICA	2874.36660782673
TCGA	8	testing	False	549752	ICA	2874.36660782673
TCGA	8	training	False	222208	NMF	1872.0377309514
TCGA	8	training	False	89204	NMF	1872.03776783612
TCGA	8	training	False	227186	NMF	1872.03769747064
TCGA	8	training	False	909346	NMF	1872.03777875678
TCGA	8	training	False	549752	NMF	1872.03770439933
TCGA	8	testing	False	222208	NMF	2606.95777237802
TCGA	8	testing	False	89204	NMF	2606.95781248337
TCGA	8	testing	False	227186	NMF	2606.95773088508
TCGA	8	testing	False	909346	NMF	2606.95782533173
TCGA	8	testing	False	549752	NMF	2606.95773867615
TCGA	8	training	False	222208	PCA	1890.13914462422
TCGA	8	training	False	89204	PCA	1890.13890812376
TCGA	8	training	False	227186	PCA	1890.13914801205
TCGA	8	training	False	909346	PCA	1890.13959495661
TCGA	8	training	False	549752	PCA	1890.13898130719
TCGA	8	testing	False	222208	PCA	2874.36651284938
TCGA	8	testing	False	89204	PCA	2874.36734535102
TCGA	8	testing	False	227186	PCA	2874.36802606539
TCGA	8	testing	False	909346	PCA	2874.36621290578
TCGA	8	testing	False	549752	PCA	2874.36645584895
TCGA	8	training	False	222208	VAE	1855.34043225452
TCGA	8	training	False	89204	VAE	1855.21652275067
TCGA	8	training	False	227186	VAE	1855.253081169
TCGA	8	training	False	909346	VAE	1855.25424629775
TCGA	8	training	False	549752	VAE	1855.39702039986
TCGA	8	testing	False	222208	VAE	2647.67831793686
TCGA	8	testing	False	89204	VAE	2647.7359696178
TCGA	8	testing	False	227186	VAE	2647.87708515253
TCGA	8	testing	False	909346	VAE	2647.84680627869
TCGA	8	testing	False	549752	VAE	2647.64734699492
TCGA	80	training	False	619046	DAE	1814.16288057084
TCGA	80	training	False	389027	DAE	1812.00193076385
TCGA	80	training	False	902694	DAE	1810.07057976355
TCGA	80	training	False	896126	DAE	1810.49087604141
TCGA	80	training	False	809318	DAE	1811.20889835928
TCGA	80	testing	False	619046	DAE	2559.17075168121
TCGA	80	testing	False	389027	DAE	2555.48332874434
TCGA	80	testing	False	902694	DAE	2552.29414362479
TCGA	80	testing	False	896126	DAE	2553.36950383016
TCGA	80	testing	False	809318	DAE	2554.69607419182
TCGA	80	training	False	619046	ICA	1837.591691934
TCGA	80	training	False	389027	ICA	1837.591691934
TCGA	80	training	False	902694	ICA	1837.591691934
TCGA	80	training	False	896126	ICA	1837.591691934
TCGA	80	training	False	809318	ICA	1837.591691934
TCGA	80	testing	False	619046	ICA	2656.25215990399
TCGA	80	testing	False	389027	ICA	2656.25215990399
TCGA	80	testing	False	902694	ICA	2656.25215990399
TCGA	80	testing	False	896126	ICA	2656.25215990399
TCGA	80	testing	False	809318	ICA	2656.25215990399
TCGA	80	training	False	619046	NMF	1816.1429489527
TCGA	80	training	False	389027	NMF	1816.23758849066
TCGA	80	training	False	902694	NMF	1816.18108902913
TCGA	80	training	False	896126	NMF	1816.05977010474
TCGA	80	training	False	809318	NMF	1816.30228810701
TCGA	80	testing	False	619046	NMF	2506.2412252637
TCGA	80	testing	False	389027	NMF	2506.40093062518
TCGA	80	testing	False	902694	NMF	2506.18043873985
TCGA	80	testing	False	896126	NMF	2506.3040757601502
TCGA	80	testing	False	809318	NMF	2506.40472976698
TCGA	80	training	False	619046	PCA	1837.6050934125701
TCGA	80	training	False	389027	PCA	1837.60722430971
TCGA	80	training	False	902694	PCA	1837.63740732204
TCGA	80	training	False	896126	PCA	1837.65229543798
TCGA	80	training	False	809318	PCA	1837.59514487471
TCGA	80	testing	False	619046	PCA	2657.05501335784
TCGA	80	testing	False	389027	PCA	2655.4449356797
TCGA	80	testing	False	902694	PCA	2655.66047762134
TCGA	80	testing	False	896126	PCA	2657.42786247488
TCGA	80	testing	False	809318	PCA	2658.26514055764
TCGA	80	training	False	619046	VAE	1809.03809540104
TCGA	80	training	False	389027	VAE	1808.91227538954
TCGA	80	training	False	902694	VAE	1809.23073665827
TCGA	80	training	False	896126	VAE	1808.58652245763
TCGA	80	training	False	809318	VAE	1808.63290237711
TCGA	80	testing	False	619046	VAE	2543.39181843067
TCGA	80	testing	False	389027	VAE	2513.43054597446
TCGA	80	testing	False	902694	VAE	2512.3945349821
TCGA	80	testing	False	896126	VAE	2523.93504286992
TCGA	80	testing	False	809318	VAE	2514.75947715314
TCGA	9	training	False	591920	DAE	1875.4362975093
TCGA	9	training	False	234449	DAE	1868.31946407288
TCGA	9	training	False	127763	DAE	1862.95106529575
TCGA	9	training	False	373827	DAE	1897.11748361977
TCGA	9	training	False	992226	DAE	1897.13818816542
TCGA	9	testing	False	591920	DAE	2688.25042873485
TCGA	9	testing	False	234449	DAE	2679.46747863167
TCGA	9	testing	False	127763	DAE	2663.11079535126
TCGA	9	testing	False	373827	DAE	2722.88636231552
TCGA	9	testing	False	992226	DAE	2723.69689003698
TCGA	9	training	False	591920	ICA	1885.47179715946
TCGA	9	training	False	234449	ICA	1885.47179715946
TCGA	9	training	False	127763	ICA	1885.47179715946
TCGA	9	training	False	373827	ICA	1885.47179715946
TCGA	9	training	False	992226	ICA	1885.47179715946
TCGA	9	testing	False	591920	ICA	2875.98762884913
TCGA	9	testing	False	234449	ICA	2875.98762884913
TCGA	9	testing	False	127763	ICA	2875.98762884913
TCGA	9	testing	False	373827	ICA	2875.98762884913
TCGA	9	testing	False	992226	ICA	2875.98762884913
TCGA	9	training	False	591920	NMF	1868.60540470873
TCGA	9	training	False	234449	NMF	1868.60501318818
TCGA	9	training	False	127763	NMF	1868.60519259677
TCGA	9	training	False	373827	NMF	1868.60488222383
TCGA	9	training	False	992226	NMF	1868.60519081746
TCGA	9	testing	False	591920	NMF	2601.30715045875
TCGA	9	testing	False	234449	NMF	2601.30671015085
TCGA	9	testing	False	127763	NMF	2601.30690297362
TCGA	9	testing	False	373827	NMF	2601.30658530093
TCGA	9	testing	False	992226	NMF	2601.3069047823
TCGA	9	training	False	591920	PCA	1885.47174165306
TCGA	9	training	False	234449	PCA	1885.47171726534
TCGA	9	training	False	127763	PCA	1885.47241125907
TCGA	9	training	False	373827	PCA	1885.47157453756
TCGA	9	training	False	992226	PCA	1885.47175256319
TCGA	9	testing	False	591920	PCA	2875.98560911137
TCGA	9	testing	False	234449	PCA	2875.9882425245
TCGA	9	testing	False	127763	PCA	2875.98877954037
TCGA	9	testing	False	373827	PCA	2875.98949977879
TCGA	9	testing	False	992226	PCA	2875.98895863538
TCGA	9	training	False	591920	VAE	1852.05782937011
TCGA	9	training	False	234449	VAE	1852.01181095462
TCGA	9	training	False	127763	VAE	1851.78492233494
TCGA	9	training	False	373827	VAE	1852.11146677004
TCGA	9	training	False	992226	VAE	1851.6886388319
TCGA	9	testing	False	591920	VAE	2643.88763787848
TCGA	9	testing	False	234449	VAE	2644.9452388868
TCGA	9	testing	False	127763	VAE	2642.75863551952
TCGA	9	testing	False	373827	VAE	2645.04777752892
TCGA	9	testing	False	992226	VAE	2643.85930423953
TCGA	90	training	False	515192	DAE	1811.6684983282
TCGA	90	training	False	359448	DAE	1811.03361173
TCGA	90	training	False	890823	DAE	1811.22205254733
TCGA	90	training	False	488159	DAE	1809.96031364405
TCGA	90	training	False	372884	DAE	1810.19218412742
TCGA	90	testing	False	515192	DAE	2555.08668570517
TCGA	90	testing	False	359448	DAE	2553.59823201486
TCGA	90	testing	False	890823	DAE	2553.44976519407
TCGA	90	testing	False	488159	DAE	2551.52072451162
TCGA	90	testing	False	372884	DAE	2551.39074373546
TCGA	90	training	False	515192	ICA	1835.83933833632
TCGA	90	training	False	359448	ICA	1835.83933833632
TCGA	90	training	False	890823	ICA	1835.83933833632
TCGA	90	training	False	488159	ICA	1835.83933833632
TCGA	90	training	False	372884	ICA	1835.83933833632
TCGA	90	testing	False	515192	ICA	2645.53545764336
TCGA	90	testing	False	359448	ICA	2645.53545764336
TCGA	90	testing	False	890823	ICA	2645.53545764336
TCGA	90	testing	False	488159	ICA	2645.53545764336
TCGA	90	testing	False	372884	ICA	2645.53545764336
TCGA	90	training	False	515192	NMF	1814.46304714688
TCGA	90	training	False	359448	NMF	1814.23614221409
TCGA	90	training	False	890823	NMF	1814.53832290152
TCGA	90	training	False	488159	NMF	1814.41092278022
TCGA	90	training	False	372884	NMF	1814.23957389802
TCGA	90	testing	False	515192	NMF	2503.16890162117
TCGA	90	testing	False	359448	NMF	2502.67213698273
TCGA	90	testing	False	890823	NMF	2503.4217091517
TCGA	90	testing	False	488159	NMF	2502.88146316717
TCGA	90	testing	False	372884	NMF	2502.8794614885
TCGA	90	training	False	515192	PCA	1835.89589401217
TCGA	90	training	False	359448	PCA	1835.86872775653
TCGA	90	training	False	890823	PCA	1835.9176165723
TCGA	90	training	False	488159	PCA	1835.93700599669
TCGA	90	training	False	372884	PCA	1835.88804910196
TCGA	90	testing	False	515192	PCA	2645.48149083591
TCGA	90	testing	False	359448	PCA	2642.12538037355
TCGA	90	testing	False	890823	PCA	2647.7467456466
TCGA	90	testing	False	488159	PCA	2644.57695805216
TCGA	90	testing	False	372884	PCA	2645.16321346656
TCGA	90	training	False	515192	VAE	1808.66425849327
TCGA	90	training	False	359448	VAE	1808.6391223341
TCGA	90	training	False	890823	VAE	1809.22750930244
TCGA	90	training	False	488159	VAE	1809.14210036031
TCGA	90	training	False	372884	VAE	1808.98563126263
TCGA	90	testing	False	515192	VAE	2514.12463937078
TCGA	90	testing	False	359448	VAE	2514.91306440949
TCGA	90	testing	False	890823	VAE	2510.96482921707
TCGA	90	testing	False	488159	VAE	2522.53523168921
TCGA	90	testing	False	372884	VAE	2522.88382558842
